Country,Country,1960,1961,1962,1963,1964,1965,1966,1967,1968,1969,1970,1971,1972,1973,1974,1975,1976,1977,1978,1979,1980,1981,1982,1983,1984,1985,1986,1987,1988,1989,1990,1991,1992,1993,1994,1995,1996,1997,1998,1999,2000,2001,2002,2003,2004,2005,2006,2007,2008,2009,2010,2011,2012,2013,2014,2015
Afghanistan,Afghanistan,99.9,99.9,99.9,99.9,99.9,99.9,99.92,99.94,99.96,99.98,100.0,100.0,100.0,100.0,100.0,100.0,99.98,99.96,99.94,99.92,99.9,99.88,99.86,99.84,99.82,99.8,99.78,99.76,99.74,99.72,99.7,99.66,99.62,99.58,99.54,99.5,99.4,99.3,99.2,99.1,99.0,98.62,98.24,97.86,97.48,97.1,96.2,95.3,94.4,93.5,92.6,91.76,90.92,90.08,89.24,88.4
Albania,Albania,90.8,89.34,87.88,86.42,84.96,83.5,82.08,80.66,79.24,77.82,76.4,75.6,74.8,74.0,73.2,72.4,71.94,71.48,71.02,70.56,70.1,69.32,68.54,67.76,66.98,66.2,65.14,64.08,63.02,61.96,60.9,60.28,59.66,59.04,58.42,57.8,57.5,57.2,56.9,56.6,56.3,54.94,53.58,52.22,50.86,49.5,49.16,48.82,48.48,48.14,47.8,46.16,44.52,42.88,41.24,39.6
Algeria,Algeria,99.9,99.74,99.58,99.42,99.26,99.1,99.1,99.1,99.1,99.1,99.1,98.76,98.42,98.08,97.74,97.4,96.64,95.88,95.12,94.36,93.6,92.38,91.16,89.94,88.72,87.5,86.02,84.54,83.06,81.58,80.1,78.3,76.5,74.7,72.9,71.1,68.96,66.82,64.68,62.54,60.4,58.56,56.72,54.88,53.04,51.2,49.38,47.56,45.74,43.92,42.1,40.24,38.38,36.52,34.66,32.8
Angola,Angola,99.9,99.92,99.94,99.96,99.98,100.0,100.0,100.0,100.0,100.0,100.0,100.0,100.0,100.0,100.0,100.0,100.0,100.0,100.0,100.0,100.0,99.96,99.92,99.88,99.84,99.8,99.78,99.76,99.74,99.72,99.7,99.7,99.7,99.7,99.7,99.7,99.66,99.62,99.58,99.54,99.5,99.48,99.46,99.44,99.42,99.4,99.24,99.08,98.92,98.76,98.6,98.06,97.52,96.98,96.44,95.9
Antigua and Barbuda,Antigua and Barbuda,0.0,0.0,0.0,0.0,0.0,0.0,0.0,0.0,0.0,0.0,0.0,0.0,0.0,0.0,0.0,0.0,0.0,0.0,0.0,0.0,0.0,0.0,0.0,0.0,0.0,0.0,0.0,0.0,0.0,0.0,0.0,0.0,0.0,0.0,0.0,0.0,0.0,0.0,0.0,0.0,0.0,0.0,0.0,0.0,0.0,0.0,0.0,0.0,0.0,0.0,0.0,4.3,8.6,12.9,17.2,21.5
Argentina,Argentina,93.8,93.18,92.56,91.94,91.32,90.7,89.86,89.02,88.18,87.34,86.5,85.52,84.54,83.56,82.58,81.6,80.54,79.48,78.42,77.36,76.3,75.18,74.06,72.94,71.82,70.7,69.5,68.3,67.1,65.9,64.7,63.6,62.5,61.4,60.3,59.2,58.1,57.0,55.9,54.8,53.7,52.4,51.1,49.8,48.5,47.2,46.16,45.12,44.08,43.04,42.0,40.64,39.28,37.92,36.56,35.2
Armenia,Armenia,37.7,35.72,33.74,31.76,29.78,27.8,26.74,25.68,24.62,23.56,22.5,21.94,21.38,20.82,20.26,19.7,19.32,18.94,18.56,18.18,17.8,17.48,17.16,16.84,16.52,16.2,15.92,15.64,15.36,15.08,14.8,14.58,14.36,14.14,13.92,13.7,13.5,13.3,13.1,12.9,12.7,12.62,12.54,12.46,12.38,12.3,12.42,12.54,12.66,12.78,12.9,12.1,11.3,10.5,9.7,8.9
Aruba,Aruba,98.0,97.56,97.12,96.68,96.24,95.8,95.18,94.56,93.94,93.32,92.7,91.64,90.58,89.52,88.46,87.4,86.52,85.64,84.76,83.88,83.0,82.18,81.36,80.54,79.72,78.9,78.4,77.9,77.4,76.9,76.4,75.72,75.04,74.36,73.68,73.0,71.74,70.48,69.22,67.96,66.7,65.74,64.78,63.82,62.86,61.9,60.08,58.26,56.44,54.62,52.8,50.76,48.72,46.68,44.64,42.6
Australia,Australia,44.9,42.84,40.78,38.72,36.66,34.6,32.92,31.24,29.56,27.88,26.2,24.94,23.68,22.42,21.16,19.9,19.08,18.26,17.44,16.62,15.8,15.22,14.64,14.06,13.48,12.9,12.44,11.98,11.52,11.06,10.6,10.22,9.84,9.46,9.08,8.7,8.46,8.22,7.98,7.74,7.5,7.28,7.06,6.84,6.62,6.4,6.28,6.16,6.04,5.92,5.8,5.44,5.08,4.72,4.36,4.0
Austria,Austria,65.4,64.08,62.76,61.44,60.12,58.8,57.62,56.44,55.26,54.08,52.9,51.78,50.66,49.54,48.42,47.3,45.74,44.18,42.62,41.06,39.5,37.76,36.02,34.28,32.54,30.8,29.72,28.64,27.56,26.48,25.4,25.06,24.72,24.38,24.04,23.7,23.54,23.38,23.22,23.06,22.9,22.6,22.3,22.0,21.7,21.4,21.06,20.72,20.38,20.04,19.7,19.48,19.26,19.04,18.82,18.6
Azerbaijan,Azerbaijan,57.9,55.4,52.9,50.4,47.9,45.4,43.3,41.2,39.1,37.0,34.9,33.6,32.3,31.0,29.7,28.4,27.62,26.84,26.06,25.28,24.5,23.92,23.34,22.76,22.18,21.6,21.0,20.4,19.8,19.2,18.6,18.02,17.44,16.86,16.28,15.7,15.24,14.78,14.32,13.86,13.4,13.06,12.72,12.38,12.04,11.7,11.6,11.5,11.4,11.3,11.2,10.6,10.0,9.4,8.8,8.2
Bahamas,Bahamas,72.6,70.3,68.0,65.7,63.4,61.1,58.32,55.54,52.76,49.98,47.2,44.62,42.04,39.46,36.88,34.3,32.46,30.62,28.78,26.94,25.1,23.96,22.82,21.68,20.54,19.4,18.58,17.76,16.94,16.12,15.3,14.6,13.9,13.2,12.5,11.8,11.1,10.4,9.7,9.0,8.3,7.68,7.06,6.44,5.82,5.2,4.92,4.64,4.36,4.08,3.8,3.62,3.44,3.26,3.08,2.9
Bahrain,Bahrain,98.8,98.0,97.2,96.4,95.6,94.8,93.32,91.84,90.36,88.88,87.4,86.48,85.56,84.64,83.72,82.8,81.7,80.6,79.5,78.4,77.3,76.04,74.78,73.52,72.26,71.0,69.62,68.24,66.86,65.48,64.1,62.64,61.18,59.72,58.26,56.8,55.34,53.88,52.42,50.96,49.5,48.12,46.74,45.36,43.98,42.6,41.28,39.96,38.64,37.32,36.0,35.36,34.72,34.08,33.44,32.8
Bangladesh,Bangladesh,99.9,99.9,99.9,99.9,99.9,99.9,99.9,99.9,99.9,99.9,99.9,99.88,99.86,99.84,99.82,99.8,99.76,99.72,99.68,99.64,99.6,99.48,99.36,99.24,99.12,99.0,98.8,98.6,98.4,98.2,98.0,97.64,97.28,96.92,96.56,96.2,95.54,94.88,94.22,93.56,92.9,91.86,90.82,89.78,88.74,87.7,86.04,84.38,82.72,81.06,79.4,78.06,76.72,75.38,74.04,72.7
Barbados,Barbados,0.0,0.0,0.0,0.0,0.0,0.0,0.0,0.0,0.0,0.0,0.0,0.0,0.0,0.0,0.0,0.0,0.0,0.0,0.0,0.0,0.0,0.0,0.0,0.0,0.0,0.0,0.0,0.0,0.0,0.0,0.0,0.0,0.0,0.0,0.0,0.0,0.0,0.0,0.0,0.0,0.0,0.0,0.0,0.0,0.0,0.0,0.0,0.0,0.0,0.0,0.0,4.3,8.6,12.9,17.2,21.5
Belarus,Belarus,56.3,52.88,49.46,46.04,42.62,39.2,35.4,31.6,27.8,24.0,20.2,18.72,17.24,15.76,14.28,12.8,12.42,12.04,11.66,11.28,10.9,10.68,10.46,10.24,10.02,9.8,9.6,9.4,9.2,9.0,8.8,8.62,8.44,8.26,8.08,7.9,7.68,7.46,7.24,7.02,6.8,6.52,6.24,5.96,5.68,5.4,5.42,5.44,5.46,5.48,5.5,5.14,4.78,4.42,4.06,3.7
Belgium,Belgium,79.4,78.08,76.76,75.44,74.12,72.8,71.64,70.48,69.32,68.16,67.0,65.96,64.92,63.88,62.84,61.8,60.8,59.8,58.8,57.8,56.8,55.9,55.0,54.1,53.2,52.3,51.66,51.02,50.38,49.74,49.1,48.68,48.26,47.84,47.42,47.0,46.46,45.92,45.38,44.84,44.3,43.6,42.9,42.2,41.5,40.8,39.9,39.0,38.1,37.2,36.3,34.3,32.3,30.3,28.3,26.3
Belize,Belize,97.4,97.04,96.68,96.32,95.96,95.6,95.08,94.56,94.04,93.52,93.0,92.46,91.92,91.38,90.84,90.3,89.5,88.7,87.9,87.1,86.3,85.48,84.66,83.84,83.02,82.2,81.26,80.32,79.38,78.44,77.5,76.62,75.74,74.86,73.98,73.1,71.96,70.82,69.68,68.54,67.4,65.84,64.28,62.72,61.16,59.6,57.92,56.24,54.56,52.88,51.2,50.44,49.68,48.92,48.16,47.4
Benin,Benin,100.0,99.98,99.96,99.94,99.92,99.9,99.88,99.86,99.84,99.82,99.8,99.76,99.72,99.68,99.64,99.6,99.52,99.44,99.36,99.28,99.2,99.08,98.96,98.84,98.72,98.6,98.6,98.6,98.6,98.6,98.6,98.6,98.6,98.6,98.6,98.6,98.58,98.56,98.54,98.52,98.5,98.26,98.02,97.78,97.54,97.3,96.48,95.66,94.84,94.02,93.2,92.76,92.32,91.88,91.44,91.0
Bhutan,Bhutan,100.0,100.02,100.04,100.06,100.08,100.1,100.08,100.06,100.04,100.02,100.0,100.0,100.0,100.0,100.0,100.0,100.0,100.0,100.0,100.0,100.0,99.96,99.92,99.88,99.84,99.8,99.7,99.6,99.5,99.4,99.3,99.02,98.74,98.46,98.18,97.9,97.16,96.42,95.68,94.94,94.2,92.56,90.92,89.28,87.64,86.0,85.54,85.08,84.62,84.16,83.7,83.26,82.82,82.38,81.94,81.5
Bolivia,Bolivia (Plurinational State of),97.2,97.06,96.92,96.78,96.64,96.5,96.24,95.98,95.72,95.46,95.2,94.84,94.48,94.12,93.76,93.4,92.86,92.32,91.78,91.24,90.7,89.98,89.26,88.54,87.82,87.1,86.26,85.42,84.58,83.74,82.9,81.9,80.9,79.9,78.9,77.9,76.68,75.46,74.24,73.02,71.8,70.52,69.24,67.96,66.68,65.4,64.04,62.68,61.32,59.96,58.6,56.42,54.24,52.06,49.88,47.7
Bosnia and Herzegovina,Bosnia and Herzegovina,93.7,92.58,91.46,90.34,89.22,88.1,86.32,84.54,82.76,80.98,79.2,77.14,75.08,73.02,70.96,68.9,66.9,64.9,62.9,60.9,58.9,56.76,54.62,52.48,50.34,48.2,46.62,45.04,43.46,41.88,40.3,39.12,37.94,36.76,35.58,34.4,33.2,32.0,30.8,29.6,28.4,26.9,25.4,23.9,22.4,20.9,18.94,16.98,15.02,13.06,11.1,10.86,10.62,10.38,10.14,9.9
Botswana,Botswana,99.8,99.7,99.6,99.5,99.4,99.3,99.06,98.82,98.58,98.34,98.1,97.62,97.14,96.66,96.18,95.7,94.92,94.14,93.36,92.58,91.8,90.84,89.88,88.92,87.96,87.0,85.84,84.68,83.52,82.36,81.2,80.28,79.36,78.44,77.52,76.6,75.18,73.76,72.34,70.92,69.5,67.34,65.18,63.02,60.86,58.7,57.62,56.54,55.46,54.38,53.3,51.54,49.78,48.02,46.26,44.5
Brazil,Brazil,96.9,96.62,96.34,96.06,95.78,95.5,95.04,94.58,94.12,93.66,93.2,92.48,91.76,91.04,90.32,89.6,88.62,87.64,86.66,85.68,84.7,83.52,82.34,81.16,79.98,78.8,77.52,76.24,74.96,73.68,72.4,71.0,69.6,68.2,66.8,65.4,63.96,62.52,61.08,59.64,58.2,56.7,55.2,53.7,52.2,50.7,49.62,48.54,47.46,46.38,45.3,44.1,42.9,41.7,40.5,39.3
Brunei,Brunei Darussalam,0.0,0.0,0.0,0.0,0.0,0.0,0.0,0.0,0.0,0.0,0.0,0.0,0.0,0.0,0.0,0.0,0.0,0.0,0.0,0.0,0.0,0.0,0.0,0.0,0.0,0.0,0.0,0.0,0.0,0.0,0.0,0.0,0.0,0.0,0.0,0.0,0.0,0.0,0.0,0.0,0.0,0.0,0.0,0.0,0.0,0.0,0.0,0.0,0.0,0.0,0.0,8.42,16.84,25.26,33.68,42.1
Bulgaria,Bulgaria,65.3,63.7,62.1,60.5,58.9,57.3,56.1,54.9,53.7,52.5,51.3,50.54,49.78,49.02,48.26,47.5,46.7,45.9,45.1,44.3,43.5,42.68,41.86,41.04,40.22,39.4,38.64,37.88,37.12,36.36,35.6,35.06,34.52,33.98,33.44,32.9,32.68,32.46,32.24,32.02,31.8,31.86,31.92,31.98,32.04,32.1,32.42,32.74,33.06,33.38,33.7,31.84,29.98,28.12,26.26,24.4
Burkina Faso,Burkina Faso,100.1,100.06,100.02,99.98,99.94,99.9,99.92,99.94,99.96,99.98,100.0,99.98,99.96,99.94,99.92,99.9,99.92,99.94,99.96,99.98,100.0,99.96,99.92,99.88,99.84,99.8,99.78,99.76,99.74,99.72,99.7,99.64,99.58,99.52,99.46,99.4,99.32,99.24,99.16,99.08,99.0,99.02,99.04,99.06,99.08,99.1,98.6,98.1,97.6,97.1,96.6,96.12,95.64,95.16,94.68,94.2
Burundi,Burundi,100.0,100.0,100.0,100.0,100.0,100.0,100.0,100.0,100.0,100.0,100.0,100.0,100.0,100.0,100.0,100.0,99.98,99.96,99.94,99.92,99.9,99.92,99.94,99.96,99.98,100.0,99.96,99.92,99.88,99.84,99.8,99.66,99.52,99.38,99.24,99.1,98.96,98.82,98.68,98.54,98.4,98.24,98.08,97.92,97.76,97.6,97.6,97.6,97.6,97.6,97.6,96.96,96.32,95.68,95.04,94.4
Cambodia,Cambodia,100.0,99.98,99.96,99.94,99.92,99.9,99.88,99.86,99.84,99.82,99.8,99.76,99.72,99.68,99.64,99.6,99.58,99.56,99.54,99.52,99.5,99.48,99.46,99.44,99.42,99.4,99.3,99.2,99.1,99.0,98.9,98.4,97.9,97.4,96.9,96.4,96.0,95.6,95.2,94.8,94.4,94.1,93.8,93.5,93.2,92.9,92.34,91.78,91.22,90.66,90.1,88.94,87.78,86.62,85.46,84.3
Cameroon,Cameroon,99.8,99.8,99.8,99.8,99.8,99.8,99.72,99.64,99.56,99.48,99.4,99.24,99.08,98.92,98.76,98.6,98.38,98.16,97.94,97.72,97.5,97.24,96.98,96.72,96.46,96.2,95.76,95.32,94.88,94.44,94.0,93.42,92.84,92.26,91.68,91.1,90.32,89.54,88.76,87.98,87.2,86.12,85.04,83.96,82.88,81.8,81.08,80.36,79.64,78.92,78.2,77.48,76.76,76.04,75.32,74.6
Canada,Canada,51.3,50.1,48.9,47.7,46.5,45.3,44.44,43.58,42.72,41.86,41.0,40.28,39.56,38.84,38.12,37.4,36.72,36.04,35.36,34.68,34.0,33.3,32.6,31.9,31.2,30.5,29.92,29.34,28.76,28.18,27.6,27.18,26.76,26.34,25.92,25.5,25.14,24.78,24.42,24.06,23.7,23.32,22.94,22.56,22.18,21.8,21.56,21.32,21.08,20.84,20.6,19.4,18.2,17.0,15.8,14.6
Cape Verde,Cape Verde,99.9,99.9,99.9,99.9,99.9,99.9,99.86,99.82,99.78,99.74,99.7,99.64,99.58,99.52,99.46,99.4,99.3,99.2,99.1,99.0,98.9,98.72,98.54,98.36,98.18,98.0,97.8,97.6,97.4,97.2,97.0,96.62,96.24,95.86,95.48,95.1,94.3,93.5,92.7,91.9,91.1,90.3,89.5,88.7,87.9,87.1,86.82,86.54,86.26,85.98,85.7,85.16,84.62,84.08,83.54,83.0
Central African Republic,Central African Republic,100.0,100.02,100.04,100.06,100.08,100.1,100.08,100.06,100.04,100.02,100.0,99.88,99.76,99.64,99.52,99.4,99.46,99.52,99.58,99.64,99.7,99.74,99.78,99.82,99.86,99.9,99.88,99.86,99.84,99.82,99.8,99.72,99.64,99.56,99.48,99.4,99.04,98.68,98.32,97.96,97.6,97.28,96.96,96.64,96.32,96.0,95.66,95.32,94.98,94.64,94.3,93.94,93.58,93.22,92.86,92.5
Chad,Chad,100.1,100.08,100.06,100.04,100.02,100.0,99.98,99.96,99.94,99.92,99.9,99.94,99.98,100.02,100.06,100.1,100.06,100.02,99.98,99.94,99.9,99.92,99.94,99.96,99.98,100.0,100.0,100.0,100.0,100.0,100.0,99.96,99.92,99.88,99.84,99.8,99.72,99.64,99.56,99.48,99.4,99.36,99.32,99.28,99.24,99.2,99.02,98.84,98.66,98.48,98.3,97.8,97.3,96.8,96.3,95.8
Channel Islands,Channel Islands,0.0,0.0,0.0,0.0,0.0,0.0,0.0,0.0,0.0,0.0,0.0,0.0,0.0,0.0,0.0,0.0,0.0,0.0,0.0,0.0,0.0,0.0,0.0,0.0,0.0,0.0,0.0,0.0,0.0,0.0,0.0,0.0,0.0,0.0,0.0,0.0,0.0,0.0,0.0,0.0,0.0,0.0,0.0,0.0,0.0,0.0,0.0,0.0,0.0,0.0,0.0,3.42,6.84,10.26,13.68,17.1
Chile,Chile,88.3,87.52,86.74,85.96,85.18,84.4,83.32,82.24,81.16,80.08,79.0,77.72,76.44,75.16,73.88,72.6,71.26,69.92,68.58,67.24,65.9,64.7,63.5,62.3,61.1,59.9,58.92,57.94,56.96,55.98,55.0,54.28,53.56,52.84,52.12,51.4,50.72,50.04,49.36,48.68,48.0,46.56,45.12,43.68,42.24,40.8,39.36,37.92,36.48,35.04,33.6,32.16,30.72,29.28,27.84,26.4
China,China,98.7,98.44,98.18,97.92,97.66,97.4,96.98,96.56,96.14,95.72,95.3,94.52,93.74,92.96,92.18,91.4,90.52,89.64,88.76,87.88,87.0,86.66,86.32,85.98,85.64,85.3,84.84,84.38,83.92,83.46,83.0,81.84,80.68,79.52,78.36,77.2,75.64,74.08,72.52,70.96,69.4,68.04,66.68,65.32,63.96,62.6,61.16,59.72,58.28,56.84,55.4,53.62,51.84,50.06,48.28,46.5
Colombia,Colombia,98.0,97.72,97.44,97.16,96.88,96.6,96.08,95.56,95.04,94.52,94.0,93.2,92.4,91.6,90.8,90.0,88.82,87.64,86.46,85.28,84.1,82.66,81.22,79.78,78.34,76.9,75.44,73.98,72.52,71.06,69.6,67.94,66.28,64.62,62.96,61.3,59.22,57.14,55.06,52.98,50.9,49.18,47.46,45.74,44.02,42.3,41.38,40.46,39.54,38.62,37.7,36.78,35.86,34.94,34.02,33.1
Comoros,Comoros,100.0,100.0,100.0,100.0,100.0,100.0,100.0,100.0,100.0,100.0,100.0,99.96,99.92,99.88,99.84,99.8,99.64,99.48,99.32,99.16,99.0,98.66,98.32,97.98,97.64,97.3,97.06,96.82,96.58,96.34,96.1,95.92,95.74,95.56,95.38,95.2,94.7,94.2,93.7,93.2,92.7,91.84,90.98,90.12,89.26,88.4,87.04,85.68,84.32,82.96,81.6,79.34,77.08,74.82,72.56,70.3
"Congo, Rep.",Congo,99.9,99.86,99.82,99.78,99.74,99.7,99.58,99.46,99.34,99.22,99.1,98.94,98.78,98.62,98.46,98.3,97.92,97.54,97.16,96.78,96.4,95.98,95.56,95.14,94.72,94.3,93.86,93.42,92.98,92.54,92.1,91.48,90.86,90.24,89.62,89.0,88.92,88.84,88.76,88.68,88.6,88.88,89.16,89.44,89.72,90.0,89.9,89.8,89.7,89.6,89.5,88.2,86.9,85.6,84.3,83.0
Costa Rica,Costa Rica,94.6,93.98,93.36,92.74,92.12,91.5,90.68,89.86,89.04,88.22,87.4,86.46,85.52,84.58,83.64,82.7,81.76,80.82,79.88,78.94,78.0,77.28,76.56,75.84,75.12,74.4,73.94,73.48,73.02,72.56,72.1,71.4,70.7,70.0,69.3,68.6,67.76,66.92,66.08,65.24,64.4,63.4,62.4,61.4,60.4,59.4,58.24,57.08,55.92,54.76,53.6,52.44,51.28,50.12,48.96,47.8
Cote d'Ivoire,Cote d'Ivoire,100.0,100.0,100.0,100.0,100.0,100.0,99.98,99.96,99.94,99.92,99.9,99.9,99.9,99.9,99.9,99.9,99.88,99.86,99.84,99.82,99.8,99.76,99.72,99.68,99.64,99.6,99.52,99.44,99.36,99.28,99.2,99.1,99.0,98.9,98.8,98.7,98.52,98.34,98.16,97.98,97.8,97.4,97.0,96.6,96.2,95.8,95.14,94.48,93.82,93.16,92.5,91.74,90.98,90.22,89.46,88.7
Croatia,Croatia,72.7,70.68,68.66,66.64,64.62,62.6,60.94,59.28,57.62,55.96,54.3,52.82,51.34,49.86,48.38,46.9,45.32,43.74,42.16,40.58,39.0,37.74,36.48,35.22,33.96,32.7,31.8,30.9,30.0,29.1,28.2,27.54,26.88,26.22,25.56,24.9,24.48,24.06,23.64,23.22,22.8,22.62,22.44,22.26,22.08,21.9,21.8,21.7,21.6,21.5,21.4,20.06,18.72,17.38,16.04,14.7
Cuba,Cuba,92.0,91.08,90.16,89.24,88.32,87.4,86.56,85.72,84.88,84.04,83.2,82.46,81.72,80.98,80.24,79.5,78.68,77.86,77.04,76.22,75.4,74.58,73.76,72.94,72.12,71.3,70.52,69.74,68.96,68.18,67.4,66.6,65.8,65.0,64.2,63.4,62.54,61.68,60.82,59.96,59.1,57.08,55.06,53.04,51.02,49.0,46.96,44.92,42.88,40.84,38.8,36.78,34.76,32.74,30.72,28.7
Curaçao,Curaçao,93.3,92.56,91.82,91.08,90.34,89.6,88.58,87.56,86.54,85.52,84.5,83.54,82.58,81.62,80.66,79.7,79.14,78.58,78.02,77.46,76.9,76.22,75.54,74.86,74.18,73.5,72.82,72.14,71.46,70.78,70.1,69.48,68.86,68.24,67.62,67.0,66.44,65.88,65.32,64.76,64.2,63.74,63.28,62.82,62.36,61.9,61.62,61.34,61.06,60.78,60.5,57.42,54.34,51.26,48.18,45.1
Cyprus,Cyprus,87.7,85.88,84.06,82.24,80.42,78.6,76.38,74.16,71.94,69.72,67.5,65.08,62.66,60.24,57.82,55.4,53.18,50.96,48.74,46.52,44.3,42.68,41.06,39.44,37.82,36.2,35.1,34.0,32.9,31.8,30.7,29.78,28.86,27.94,27.02,26.1,25.4,24.7,24.0,23.3,22.6,22.12,21.64,21.16,20.68,20.2,19.88,19.56,19.24,18.92,18.6,17.56,16.52,15.48,14.44,13.4
Czech Republic,Czech Republic,54.0,52.94,51.88,50.82,49.76,48.7,47.92,47.14,46.36,45.58,44.8,44.12,43.44,42.76,42.08,41.4,40.5,39.6,38.7,37.8,36.9,36.42,35.94,35.46,34.98,34.5,34.28,34.06,33.84,33.62,33.4,33.18,32.96,32.74,32.52,32.3,31.96,31.62,31.28,30.94,30.6,30.22,29.84,29.46,29.08,28.7,28.36,28.02,27.68,27.34,27.0,25.24,23.48,21.72,19.96,18.2
North Korea,Democratic People's Republic of Korea,37.8,35.32,32.84,30.36,27.88,25.4,22.4,19.4,16.4,13.4,10.4,8.68,6.96,5.24,3.52,1.8,1.46,1.12,0.78,0.44,0.1,0.1,0.1,0.1,0.1,0.1,0.1,0.1,0.1,0.1,0.1,0.1,0.1,0.1,0.1,0.1,0.08,0.06,0.04,0.02,0.0,0.0,0.0,0.0,0.0,0.0,0.0,0.0,0.0,0.0,0.0,0.0,0.0,0.0,0.0,0.0
"Congo, Dem. Rep.",Democratic Republic of the Congo,99.9,99.88,99.86,99.84,99.82,99.8,99.74,99.68,99.62,99.56,99.5,99.56,99.62,99.68,99.74,99.8,99.76,99.72,99.68,99.64,99.6,99.5,99.4,99.3,99.2,99.1,98.76,98.42,98.08,97.74,97.4,96.9,96.4,95.9,95.4,94.9,94.46,94.02,93.58,93.14,92.7,92.34,91.98,91.62,91.26,90.9,90.28,89.66,89.04,88.42,87.8,86.8,85.8,84.8,83.8,82.8
Denmark,Denmark,74.1,73.14,72.18,71.22,70.26,69.3,68.5,67.7,66.9,66.1,65.3,64.64,63.98,63.32,62.66,62.0,61.18,60.36,59.54,58.72,57.9,57.22,56.54,55.86,55.18,54.5,54.14,53.78,53.42,53.06,52.7,52.4,52.1,51.8,51.5,51.2,50.82,50.44,50.06,49.68,49.3,48.8,48.3,47.8,47.3,46.8,46.04,45.28,44.52,43.76,43.0,40.46,37.92,35.38,32.84,30.3
Djibouti,Djibouti,0.0,0.0,0.0,0.0,0.0,0.0,0.0,0.0,0.0,0.0,0.0,0.0,0.0,0.0,0.0,0.0,0.0,0.0,0.0,0.0,0.0,0.0,0.0,0.0,0.0,0.0,0.0,0.0,0.0,0.0,0.0,0.0,0.0,0.0,0.0,0.0,0.0,0.0,0.0,0.0,0.0,0.0,0.0,0.0,0.0,0.0,0.0,0.0,0.0,0.0,0.0,16.28,32.56,48.84,65.12,81.4
Dominican Republic,Dominican Republic,98.5,98.3,98.1,97.9,97.7,97.5,97.12,96.74,96.36,95.98,95.6,95.02,94.44,93.86,93.28,92.7,91.76,90.82,89.88,88.94,88.0,86.76,85.52,84.28,83.04,81.8,80.3,78.8,77.3,75.8,74.3,72.6,70.9,69.2,67.5,65.8,64.2,62.6,61.0,59.4,57.8,56.46,55.12,53.78,52.44,51.1,49.92,48.74,47.56,46.38,45.2,43.88,42.56,41.24,39.92,38.6
Ecuador,Ecuador,98.1,97.86,97.62,97.38,97.14,96.9,96.48,96.06,95.64,95.22,94.8,94.1,93.4,92.7,92.0,91.3,90.36,89.42,88.48,87.54,86.6,85.34,84.08,82.82,81.56,80.3,78.92,77.54,76.16,74.78,73.4,72.0,70.6,69.2,67.8,66.4,65.12,63.84,62.56,61.28,60.0,58.8,57.6,56.4,55.2,54.0,52.9,51.8,50.7,49.6,48.5,47.4,46.3,45.2,44.1,43.0
Egypt,Egypt,99.3,99.0,98.7,98.4,98.1,97.8,97.06,96.32,95.58,94.84,94.1,92.42,90.74,89.06,87.38,85.7,84.62,83.54,82.46,81.38,80.3,78.98,77.66,76.34,75.02,73.7,72.16,70.62,69.08,67.54,66.0,64.32,62.64,60.96,59.28,57.6,55.86,54.12,52.38,50.64,48.9,47.2,45.5,43.8,42.1,40.4,38.9,37.4,35.9,34.4,32.9,31.34,29.78,28.22,26.66,25.1
El Salvador,El Salvador,99.6,99.52,99.44,99.36,99.28,99.2,99.06,98.92,98.78,98.64,98.5,98.28,98.06,97.84,97.62,97.4,97.02,96.64,96.26,95.88,95.5,95.0,94.5,94.0,93.5,93.0,92.42,91.84,91.26,90.68,90.1,89.36,88.62,87.88,87.14,86.4,85.54,84.68,83.82,82.96,82.1,81.26,80.42,79.58,78.74,77.9,76.1,74.3,72.5,70.7,68.9,67.12,65.34,63.56,61.78,60.0
Equatorial Guinea,Equatorial Guinea,99.9,99.88,99.86,99.84,99.82,99.8,99.7,99.6,99.5,99.4,99.3,99.22,99.14,99.06,98.98,98.9,98.8,98.7,98.6,98.5,98.4,98.54,98.68,98.82,98.96,99.1,98.98,98.86,98.74,98.62,98.5,98.36,98.22,98.08,97.94,97.8,97.74,97.68,97.62,97.56,97.5,97.1,96.7,96.3,95.9,95.5,95.08,94.66,94.24,93.82,93.4,93.0,92.6,92.2,91.8,91.4
Eritrea,Eritrea,0.0,0.0,0.0,0.0,0.0,0.0,0.0,0.0,0.0,0.0,0.0,0.0,0.0,0.0,0.0,0.0,0.0,0.0,0.0,0.0,0.0,0.0,0.0,0.0,0.0,0.0,0.0,0.0,0.0,0.0,0.0,0.0,0.0,0.0,0.0,0.0,0.0,0.0,0.0,0.0,0.0,0.0,0.0,0.0,0.0,0.0,0.0,0.0,0.0,0.0,0.0,16.28,32.56,48.84,65.12,81.4
Estonia,Estonia,54.6,53.8,53.0,52.2,51.4,50.6,50.02,49.44,48.86,48.28,47.7,47.26,46.82,46.38,45.94,45.5,45.22,44.94,44.66,44.38,44.1,43.9,43.7,43.5,43.3,43.1,42.84,42.58,42.32,42.06,41.8,41.36,40.92,40.48,40.04,39.6,39.12,38.64,38.16,37.68,37.2,37.26,37.32,37.38,37.44,37.5,38.64,39.78,40.92,42.06,43.2,40.66,38.12,35.58,33.04,30.5
Ethiopia,Ethiopia,100.0,100.02,100.04,100.06,100.08,100.1,100.06,100.02,99.98,99.94,99.9,99.9,99.9,99.9,99.9,99.9,99.92,99.94,99.96,99.98,100.0,99.96,99.92,99.88,99.84,99.8,99.74,99.68,99.62,99.56,99.5,99.38,99.26,99.14,99.02,98.9,98.66,98.42,98.18,97.94,97.7,97.5,97.3,97.1,96.9,96.7,95.88,95.06,94.24,93.42,92.6,91.8,91.0,90.2,89.4,88.6
Fiji,Fiji,92.8,92.38,91.96,91.54,91.12,90.7,90.06,89.42,88.78,88.14,87.5,86.76,86.02,85.28,84.54,83.8,83.08,82.36,81.64,80.92,80.2,78.96,77.72,76.48,75.24,74.0,72.24,70.48,68.72,66.96,65.2,65.12,65.04,64.96,64.88,64.8,64.3,63.8,63.3,62.8,62.3,61.08,59.86,58.64,57.42,56.2,54.14,52.08,50.02,47.96,45.9,43.86,41.82,39.78,37.74,35.7
Finland,Finland,77.6,76.14,74.68,73.22,71.76,70.3,68.66,67.02,65.38,63.74,62.1,60.58,59.06,57.54,56.02,54.5,53.42,52.34,51.26,50.18,49.1,48.68,48.26,47.84,47.42,47.0,46.9,46.8,46.7,46.6,46.5,46.46,46.42,46.38,46.34,46.3,46.3,46.3,46.3,46.3,46.3,46.28,46.26,46.24,46.22,46.2,46.0,45.8,45.6,45.4,45.2,42.32,39.44,36.56,33.68,30.8
France,France,79.4,78.24,77.08,75.92,74.76,73.6,72.32,71.04,69.76,68.48,67.2,65.66,64.12,62.58,61.04,59.5,57.68,55.86,54.04,52.22,50.4,48.82,47.24,45.66,44.08,42.5,41.44,40.38,39.32,38.26,37.2,36.52,35.84,35.16,34.48,33.8,33.16,32.52,31.88,31.24,30.6,29.96,29.32,28.68,28.04,27.4,26.84,26.28,25.72,25.16,24.6,23.22,21.84,20.46,19.08,17.7
French Guiana,French Guiana,95.7,95.12,94.54,93.96,93.38,92.8,92.06,91.32,90.58,89.84,89.1,88.24,87.38,86.52,85.66,84.8,83.88,82.96,82.04,81.12,80.2,79.28,78.36,77.44,76.52,75.6,74.6,73.6,72.6,71.6,70.6,69.74,68.88,68.02,67.16,66.3,65.62,64.94,64.26,63.58,62.9,62.48,62.06,61.64,61.22,60.8,60.78,60.76,60.74,60.72,60.7,58.78,56.86,54.94,53.02,51.1
French Polynesia,French Polynesia,89.1,87.76,86.42,85.08,83.74,82.4,80.96,79.52,78.08,76.64,75.2,73.72,72.24,70.76,69.28,67.8,65.9,64.0,62.1,60.2,58.3,56.2,54.1,52.0,49.9,47.8,45.9,44.0,42.1,40.2,38.3,36.76,35.22,33.68,32.14,30.6,29.6,28.6,27.6,26.6,25.6,24.98,24.36,23.74,23.12,22.5,21.7,20.9,20.1,19.3,18.5,17.74,16.98,16.22,15.46,14.7
Gabon,Gabon,99.9,99.84,99.78,99.72,99.66,99.6,99.26,98.92,98.58,98.24,97.9,97.7,97.5,97.3,97.1,96.9,96.3,95.7,95.1,94.5,93.9,93.22,92.54,91.86,91.18,90.5,90.46,90.42,90.38,90.34,90.3,90.68,91.06,91.44,91.82,92.2,92.32,92.44,92.56,92.68,92.8,92.64,92.48,92.32,92.16,92.0,91.86,91.72,91.58,91.44,91.3,89.12,86.94,84.76,82.58,80.4
Gambia,Gambia,100.0,99.98,99.96,99.94,99.92,99.9,99.9,99.9,99.9,99.9,99.9,99.9,99.9,99.9,99.9,99.9,99.88,99.86,99.84,99.82,99.8,99.8,99.8,99.8,99.8,99.8,99.72,99.64,99.56,99.48,99.4,99.28,99.16,99.04,98.92,98.8,98.5,98.2,97.9,97.6,97.3,96.62,95.94,95.26,94.58,93.9,92.6,91.3,90.0,88.7,87.4,85.5,83.6,81.7,79.8,77.9
Georgia,Georgia,36.8,34.96,33.12,31.28,29.44,27.6,26.3,25.0,23.7,22.4,21.1,20.32,19.54,18.76,17.98,17.2,16.68,16.16,15.64,15.12,14.6,14.18,13.76,13.34,12.92,12.5,12.24,11.98,11.72,11.46,11.2,10.92,10.64,10.36,10.08,9.8,9.62,9.44,9.26,9.08,8.9,8.68,8.46,8.24,8.02,7.8,7.64,7.48,7.32,7.16,7.0,7.24,7.48,7.72,7.96,8.2
Germany,Germany,55.3,54.2,53.1,52.0,50.9,49.8,49.04,48.28,47.52,46.76,46.0,45.12,44.24,43.36,42.48,41.6,40.64,39.68,38.72,37.76,36.8,35.98,35.16,34.34,33.52,32.7,32.04,31.38,30.72,30.06,29.4,28.96,28.52,28.08,27.64,27.2,26.74,26.28,25.82,25.36,24.9,24.54,24.18,23.82,23.46,23.1,22.76,22.42,22.08,21.74,21.4,21.46,21.52,21.58,21.64,21.7
Ghana,Ghana,99.7,99.58,99.46,99.34,99.22,99.1,98.94,98.78,98.62,98.46,98.3,97.98,97.66,97.34,97.02,96.7,96.38,96.06,95.74,95.42,95.1,94.74,94.38,94.02,93.66,93.3,92.96,92.62,92.28,91.94,91.6,91.16,90.72,90.28,89.84,89.4,88.4,87.4,86.4,85.4,84.4,83.74,83.08,82.42,81.76,81.1,80.4,79.7,79.0,78.3,77.6,76.72,75.84,74.96,74.08,73.2
Greece,Greece,90.1,88.86,87.62,86.38,85.14,83.9,82.36,80.82,79.28,77.74,76.2,74.48,72.76,71.04,69.32,67.6,65.76,63.92,62.08,60.24,58.4,56.24,54.08,51.92,49.76,47.6,45.84,44.08,42.32,40.56,38.8,37.72,36.64,35.56,34.48,33.4,32.8,32.2,31.6,31.0,30.4,29.84,29.28,28.72,28.16,27.6,27.24,26.88,26.52,26.16,25.8,24.3,22.8,21.3,19.8,18.3
Grenada,Grenada,0.0,0.0,0.0,0.0,0.0,0.0,0.0,0.0,0.0,0.0,0.0,0.0,0.0,0.0,0.0,0.0,0.0,0.0,0.0,0.0,0.0,0.0,0.0,0.0,0.0,0.0,0.0,0.0,0.0,0.0,0.0,0.0,0.0,0.0,0.0,0.0,0.0,0.0,0.0,0.0,0.0,0.0,0.0,0.0,0.0,0.0,0.0,0.0,0.0,0.0,0.0,4.3,8.6,12.9,17.2,21.5
Guadeloupe,Guadeloupe,96.5,95.8,95.1,94.4,93.7,93.0,91.9,90.8,89.7,88.6,87.5,86.08,84.66,83.24,81.82,80.4,78.82,77.24,75.66,74.08,72.5,70.66,68.82,66.98,65.14,63.3,61.44,59.58,57.72,55.86,54.0,52.4,50.8,49.2,47.6,46.0,44.52,43.04,41.56,40.08,38.6,37.2,35.8,34.4,33.0,31.6,30.4,29.2,28.0,26.8,25.6,24.44,23.28,22.12,20.96,19.8
Guam,Guam,0.0,0.0,0.0,0.0,0.0,0.0,0.0,0.0,0.0,0.0,0.0,0.0,0.0,0.0,0.0,0.0,0.0,0.0,0.0,0.0,0.0,0.0,0.0,0.0,0.0,0.0,0.0,0.0,0.0,0.0,0.0,0.0,0.0,0.0,0.0,0.0,0.0,0.0,0.0,0.0,0.0,0.0,0.0,0.0,0.0,0.0,0.0,0.0,0.0,0.0,0.0,7.14,14.28,21.42,28.56,35.7
Guatemala,Guatemala,99.3,99.24,99.18,99.12,99.06,99.0,98.9,98.8,98.7,98.6,98.5,98.34,98.18,98.02,97.86,97.7,97.46,97.22,96.98,96.74,96.5,96.18,95.86,95.54,95.22,94.9,94.44,93.98,93.52,93.06,92.6,92.12,91.64,91.16,90.68,90.2,89.8,89.4,89.0,88.6,88.2,87.08,85.96,84.84,83.72,82.6,81.44,80.28,79.12,77.96,76.8,75.66,74.52,73.38,72.24,71.1
Guinea,Guinea,100.0,100.0,100.0,100.0,100.0,100.0,99.92,99.84,99.76,99.68,99.6,99.52,99.44,99.36,99.28,99.2,99.1,99.0,98.9,98.8,98.7,98.66,98.62,98.58,98.54,98.5,98.52,98.54,98.56,98.58,98.6,98.6,98.6,98.6,98.6,98.6,98.36,98.12,97.88,97.64,97.4,96.94,96.48,96.02,95.56,95.1,94.1,93.1,92.1,91.1,90.1,89.32,88.54,87.76,86.98,86.2
Guinea-Bissau,Guinea-Bissau,99.9,99.92,99.94,99.96,99.98,100.0,100.0,100.0,100.0,100.0,100.0,100.0,100.0,100.0,100.0,100.0,99.98,99.96,99.94,99.92,99.9,99.9,99.9,99.9,99.9,99.9,99.82,99.74,99.66,99.58,99.5,99.36,99.22,99.08,98.94,98.8,98.56,98.32,98.08,97.84,97.6,97.24,96.88,96.52,96.16,95.8,95.04,94.28,93.52,92.76,92.0,91.48,90.96,90.44,89.92,89.4
Guyana,Guyana,87.9,87.18,86.46,85.74,85.02,84.3,83.66,83.02,82.38,81.74,81.1,80.42,79.74,79.06,78.38,77.7,76.94,76.18,75.42,74.66,73.9,73.18,72.46,71.74,71.02,70.3,69.54,68.78,68.02,67.26,66.5,65.6,64.7,63.8,62.9,62.0,61.84,61.68,61.52,61.36,61.2,59.46,57.72,55.98,54.24,52.5,50.78,49.06,47.34,45.62,43.9,42.18,40.46,38.74,37.02,35.3
Haiti,Haiti,99.9,99.86,99.82,99.78,99.74,99.7,99.72,99.74,99.76,99.78,99.8,99.74,99.68,99.62,99.56,99.5,99.44,99.38,99.32,99.26,99.2,99.02,98.84,98.66,98.48,98.3,97.96,97.62,97.28,96.94,96.6,95.9,95.2,94.5,93.8,93.1,91.98,90.86,89.74,88.62,87.5,86.52,85.54,84.56,83.58,82.6,80.98,79.36,77.74,76.12,74.5,72.88,71.26,69.64,68.02,66.4
Honduras,Honduras,99.7,99.68,99.66,99.64,99.62,99.6,99.5,99.4,99.3,99.2,99.1,98.98,98.86,98.74,98.62,98.5,98.24,97.98,97.72,97.46,97.2,96.82,96.44,96.06,95.68,95.3,94.82,94.34,93.86,93.38,92.9,92.36,91.82,91.28,90.74,90.2,89.58,88.96,88.34,87.72,87.1,86.38,85.66,84.94,84.22,83.5,82.56,81.62,80.68,79.74,78.8,77.86,76.92,75.98,75.04,74.1
"Hong Kong, China",Hong Kong Special Administrative Region of China,95.2,94.32,93.44,92.56,91.68,90.8,89.36,87.92,86.48,85.04,83.6,81.58,79.56,77.54,75.52,73.5,71.16,68.82,66.48,64.14,61.8,59.96,58.12,56.28,54.44,52.6,51.24,49.88,48.52,47.16,45.8,44.22,42.64,41.06,39.48,37.9,36.28,34.66,33.04,31.42,29.8,28.72,27.64,26.56,25.48,24.4,24.06,23.72,23.38,23.04,22.7,21.42,20.14,18.86,17.58,16.3
Hungary,Hungary,65.7,64.44,63.18,61.92,60.66,59.4,59.38,59.36,59.34,59.32,59.3,58.6,57.9,57.2,56.5,55.8,54.5,53.2,51.9,50.6,49.3,48.06,46.82,45.58,44.34,43.1,42.2,41.3,40.4,39.5,38.6,37.94,37.28,36.62,35.96,35.3,34.82,34.34,33.86,33.38,32.9,32.54,32.18,31.82,31.46,31.1,30.7,30.3,29.9,29.5,29.1,27.28,25.46,23.64,21.82,20.0
Iceland,Iceland,76.4,76.0,75.6,75.2,74.8,74.4,74.04,73.68,73.32,72.96,72.6,72.18,71.76,71.34,70.92,70.5,69.84,69.18,68.52,67.86,67.2,66.42,65.64,64.86,64.08,63.3,62.46,61.62,60.78,59.94,59.1,58.3,57.5,56.7,55.9,55.1,54.58,54.06,53.54,53.02,52.5,51.98,51.46,50.94,50.42,49.9,49.26,48.62,47.98,47.34,46.7,44.16,41.62,39.08,36.54,34.0
India,India,99.9,99.84,99.78,99.72,99.66,99.6,99.5,99.4,99.3,99.2,99.1,98.92,98.74,98.56,98.38,98.2,97.9,97.6,97.3,97.0,96.7,96.32,95.94,95.56,95.18,94.8,94.18,93.56,92.94,92.32,91.7,90.82,89.94,89.06,88.18,87.3,86.06,84.82,83.58,82.34,81.1,79.34,77.58,75.82,74.06,72.3,69.86,67.42,64.98,62.54,60.1,58.88,57.66,56.44,55.22,54.0
Indonesia,Indonesia,99.7,99.62,99.54,99.46,99.38,99.3,99.12,98.94,98.76,98.58,98.4,98.04,97.68,97.32,96.96,96.6,96.08,95.56,95.04,94.52,94.0,93.2,92.4,91.6,90.8,90.0,88.86,87.72,86.58,85.44,84.3,82.94,81.58,80.22,78.86,77.5,75.74,73.98,72.22,70.46,68.7,66.42,64.14,61.86,59.58,57.3,55.66,54.02,52.38,50.74,49.1,47.7,46.3,44.9,43.5,42.1
Iran,Iran (Islamic Republic of),99.8,99.74,99.68,99.62,99.56,99.5,99.34,99.18,99.02,98.86,98.7,98.32,97.94,97.56,97.18,96.8,96.06,95.32,94.58,93.84,93.1,92.02,90.94,89.86,88.78,87.7,86.3,84.9,83.5,82.1,80.7,79.0,77.3,75.6,73.9,72.2,70.72,69.24,67.76,66.28,64.8,63.74,62.68,61.62,60.56,59.5,58.22,56.94,55.66,54.38,53.1,51.02,48.94,46.86,44.78,42.7
Iraq,Iraq,99.8,99.74,99.68,99.62,99.56,99.5,99.34,99.18,99.02,98.86,98.7,98.18,97.66,97.14,96.62,96.1,94.88,93.66,92.44,91.22,90.0,89.26,88.52,87.78,87.04,86.3,85.62,84.94,84.26,83.58,82.9,82.66,82.42,82.18,81.94,81.7,81.82,81.94,82.06,82.18,82.3,81.96,81.62,81.28,80.94,80.6,80.6,80.6,80.6,80.6,80.6,78.94,77.28,75.62,73.96,72.3
Ireland,Ireland,76.2,74.82,73.44,72.06,70.68,69.3,67.48,65.66,63.84,62.02,60.2,57.76,55.32,52.88,50.44,48.0,45.84,43.68,41.52,39.36,37.2,35.86,34.52,33.18,31.84,30.5,29.44,28.38,27.32,26.26,25.2,24.24,23.28,22.32,21.36,20.4,19.6,18.8,18.0,17.2,16.4,15.88,15.36,14.84,14.32,13.8,13.24,12.68,12.12,11.56,11.0,10.76,10.52,10.28,10.04,9.8
Israel,Israel,87.0,85.96,84.92,83.88,82.84,81.8,80.22,78.64,77.06,75.48,73.9,72.36,70.82,69.28,67.74,66.2,64.68,63.16,61.64,60.12,58.6,57.64,56.68,55.72,54.76,53.8,52.46,51.12,49.78,48.44,47.1,45.78,44.46,43.14,41.82,40.5,39.24,37.98,36.72,35.46,34.2,33.04,31.88,30.72,29.56,28.4,27.48,26.56,25.64,24.72,23.8,22.88,21.96,21.04,20.12,19.2
Italy,Italy,89.2,88.0,86.8,85.6,84.4,83.2,81.68,80.16,78.64,77.12,75.6,73.72,71.84,69.96,68.08,66.2,64.32,62.44,60.56,58.68,56.8,55.24,53.68,52.12,50.56,49.0,47.84,46.68,45.52,44.36,43.2,42.54,41.88,41.22,40.56,39.9,39.56,39.22,38.88,38.54,38.2,37.74,37.28,36.82,36.36,35.9,35.26,34.62,33.98,33.34,32.7,30.94,29.18,27.42,25.66,23.9
Jamaica,Jamaica,95.7,95.18,94.66,94.14,93.62,93.1,92.36,91.62,90.88,90.14,89.4,88.4,87.4,86.4,85.4,84.4,83.12,81.84,80.56,79.28,78.0,76.76,75.52,74.28,73.04,71.8,71.16,70.52,69.88,69.24,68.6,67.86,67.12,66.38,65.64,64.9,65.48,66.06,66.64,67.22,67.8,66.28,64.76,63.24,61.72,60.2,58.7,57.2,55.7,54.2,52.7,51.2,49.7,48.2,46.7,45.2
Japan,Japan,43.1,41.3,39.5,37.7,35.9,34.1,31.8,29.5,27.2,24.9,22.6,21.82,21.04,20.26,19.48,18.7,18.28,17.86,17.44,17.02,16.6,16.42,16.24,16.06,15.88,15.7,15.44,15.18,14.92,14.66,14.4,13.98,13.56,13.14,12.72,12.3,11.88,11.46,11.04,10.62,10.2,9.92,9.64,9.36,9.08,8.8,8.86,8.92,8.98,9.04,9.1,8.5,7.9,7.3,6.7,6.1
Jordan,Jordan,93.5,92.26,91.02,89.78,88.54,87.3,85.9,84.5,83.1,81.7,80.3,78.88,77.46,76.04,74.62,73.2,71.8,70.4,69.0,67.6,66.2,65.12,64.04,62.96,61.88,60.8,60.04,59.28,58.52,57.76,57.0,56.22,55.44,54.66,53.88,53.1,52.88,52.66,52.44,52.22,52.0,51.2,50.4,49.6,48.8,48.0,47.26,46.52,45.78,45.04,44.3,43.68,43.06,42.44,41.82,41.2
Kazakhstan,Kazakhstan,52.7,50.7,48.7,46.7,44.7,42.7,40.14,37.58,35.02,32.46,29.9,28.74,27.58,26.42,25.26,24.1,23.36,22.62,21.88,21.14,20.4,19.76,19.12,18.48,17.84,17.2,16.66,16.12,15.58,15.04,14.5,13.98,13.46,12.94,12.42,11.9,11.42,10.94,10.46,9.98,9.5,9.12,8.74,8.36,7.98,7.6,7.4,7.2,7.0,6.8,6.6,6.22,5.84,5.46,5.08,4.7
Kenya,Kenya,99.9,99.86,99.82,99.78,99.74,99.7,99.62,99.54,99.46,99.38,99.3,99.12,98.94,98.76,98.58,98.4,98.16,97.92,97.68,97.44,97.2,96.82,96.44,96.06,95.68,95.3,94.66,94.02,93.38,92.74,92.1,91.0,89.9,88.8,87.7,86.6,85.24,83.88,82.52,81.16,79.8,79.02,78.24,77.46,76.68,75.9,76.1,76.3,76.5,76.7,76.9,74.74,72.58,70.42,68.26,66.1
Kiribati,Kiribati,99.5,99.36,99.22,99.08,98.94,98.8,98.46,98.12,97.78,97.44,97.1,96.54,95.98,95.42,94.86,94.3,93.4,92.5,91.6,90.7,89.8,88.8,87.8,86.8,85.8,84.8,83.44,82.08,80.72,79.36,78.0,76.42,74.84,73.26,71.68,70.1,68.38,66.66,64.94,63.22,61.5,58.88,56.26,53.64,51.02,48.4,46.12,43.84,41.56,39.28,37.0,35.92,34.84,33.76,32.68,31.6
Kuwait,Kuwait,96.8,95.98,95.16,94.34,93.52,92.7,91.58,90.46,89.34,88.22,87.1,85.36,83.62,81.88,80.14,78.4,77.6,76.8,76.0,75.2,74.4,73.78,73.16,72.54,71.92,71.3,70.84,70.38,69.92,69.46,69.0,68.7,68.4,68.1,67.8,67.5,67.3,67.1,66.9,66.7,66.5,66.4,66.3,66.2,66.1,66.0,65.92,65.84,65.76,65.68,65.6,63.86,62.12,60.38,58.64,56.9
Kyrgyz Republic,Kyrgyzstan,59.5,57.16,54.82,52.48,50.14,47.8,46.08,44.36,42.64,40.92,39.2,38.4,37.6,36.8,36.0,35.2,34.5,33.8,33.1,32.4,31.7,30.98,30.26,29.54,28.82,28.1,27.34,26.58,25.82,25.06,24.3,23.7,23.1,22.5,21.9,21.3,20.88,20.46,20.04,19.62,19.2,19.06,18.92,18.78,18.64,18.5,18.94,19.38,19.82,20.26,20.7,19.4,18.1,16.8,15.5,14.2
Lao,Lao People's Democratic Republic,100.0,99.96,99.92,99.88,99.84,99.8,99.74,99.68,99.62,99.56,99.5,99.42,99.34,99.26,99.18,99.1,98.86,98.62,98.38,98.14,97.9,97.44,96.98,96.52,96.06,95.6,94.98,94.36,93.74,93.12,92.5,91.92,91.34,90.76,90.18,89.6,89.14,88.68,88.22,87.76,87.3,86.22,85.14,84.06,82.98,81.9,80.28,78.66,77.04,75.42,73.8,72.16,70.52,68.88,67.24,65.6
Latvia,Latvia,35.7,35.16,34.62,34.08,33.54,33.0,32.36,31.72,31.08,30.44,29.8,29.5,29.2,28.9,28.6,28.3,28.0,27.7,27.4,27.1,26.8,26.58,26.36,26.14,25.92,25.7,25.44,25.18,24.92,24.66,24.4,24.02,23.64,23.26,22.88,22.5,21.76,21.02,20.28,19.54,18.8,18.72,18.64,18.56,18.48,18.4,20.5,22.6,24.7,26.8,28.9,27.34,25.78,24.22,22.66,21.1
Lebanon,Lebanon,98.9,98.54,98.18,97.82,97.46,97.1,96.46,95.82,95.18,94.54,93.9,93.02,92.14,91.26,90.38,89.5,88.36,87.22,86.08,84.94,83.8,82.62,81.44,80.26,79.08,77.9,76.62,75.34,74.06,72.78,71.5,70.24,68.98,67.72,66.46,65.2,63.94,62.68,61.42,60.16,58.9,58.36,57.82,57.28,56.74,56.2,54.6,53.0,51.4,49.8,48.2,46.6,45.0,43.4,41.8,40.2
Lesotho,Lesotho,99.8,99.74,99.68,99.62,99.56,99.5,99.46,99.42,99.38,99.34,99.3,99.08,98.86,98.64,98.42,98.2,97.66,97.12,96.58,96.04,95.5,94.66,93.82,92.98,92.14,91.3,90.54,89.78,89.02,88.26,87.5,87.28,87.06,86.84,86.62,86.4,85.92,85.44,84.96,84.48,84.0,83.6,83.2,82.8,82.4,82.0,81.0,80.0,79.0,78.0,77.0,76.08,75.16,74.24,73.32,72.4
Liberia,Liberia,100.0,100.0,100.0,100.0,100.0,100.0,100.0,100.0,100.0,100.0,100.0,99.96,99.92,99.88,99.84,99.8,99.7,99.6,99.5,99.4,99.3,99.16,99.02,98.88,98.74,98.6,98.32,98.04,97.76,97.48,97.2,96.86,96.52,96.18,95.84,95.5,95.06,94.62,94.18,93.74,93.3,92.86,92.42,91.98,91.54,91.1,91.02,90.94,90.86,90.78,90.7,89.38,88.06,86.74,85.42,84.1
Libya,Libyan Arab Jamahiriya,0.0,0.0,0.0,0.0,0.0,0.0,0.0,0.0,0.0,0.0,0.0,0.0,0.0,0.0,0.0,0.0,0.0,0.0,0.0,0.0,0.0,0.0,0.0,0.0,0.0,0.0,0.0,0.0,0.0,0.0,0.0,0.0,0.0,0.0,0.0,0.0,0.0,0.0,0.0,0.0,0.0,0.0,0.0,0.0,0.0,0.0,0.0,0.0,0.0,0.0,0.0,8.86,17.72,26.58,35.44,44.3
Lithuania,Lithuania,49.4,46.48,43.56,40.64,37.72,34.8,33.14,31.48,29.82,28.16,26.5,26.16,25.82,25.48,25.14,24.8,24.6,24.4,24.2,24.0,23.8,23.62,23.44,23.26,23.08,22.9,22.68,22.46,22.24,22.02,21.8,21.38,20.96,20.54,20.12,19.7,18.94,18.18,17.42,16.66,15.9,15.76,15.62,15.48,15.34,15.2,17.1,19.0,20.9,22.8,24.7,23.34,21.98,20.62,19.26,17.9
Luxembourg,Luxembourg,79.9,78.54,77.18,75.82,74.46,73.1,71.88,70.66,69.44,68.22,67.0,65.76,64.52,63.28,62.04,60.8,59.44,58.08,56.72,55.36,54.0,52.8,51.6,50.4,49.2,48.0,46.86,45.72,44.58,43.44,42.3,41.16,40.02,38.88,37.74,36.6,35.56,34.52,33.48,32.44,31.4,30.62,29.84,29.06,28.28,27.5,27.16,26.82,26.48,26.14,25.8,24.52,23.24,21.96,20.68,19.4
Macao Special Administrative Region of China,Macao Special Administrative Region of China,99.3,98.96,98.62,98.28,97.94,97.6,96.68,95.76,94.84,93.92,93.0,91.46,89.92,88.38,86.84,85.3,83.36,81.42,79.48,77.54,75.6,73.36,71.12,68.88,66.64,64.4,62.3,60.2,58.1,56.0,53.9,51.42,48.94,46.46,43.98,41.5,40.54,39.58,38.62,37.66,36.7,35.92,35.14,34.36,33.58,32.8,31.98,31.16,30.34,29.52,28.7,27.06,25.42,23.78,22.14,20.5
Madagascar,Madagascar,100.0,99.98,99.96,99.94,99.92,99.9,99.9,99.9,99.9,99.9,99.9,99.9,99.9,99.9,99.9,99.9,99.82,99.74,99.66,99.58,99.5,99.3,99.1,98.9,98.7,98.5,98.04,97.58,97.12,96.66,96.2,96.04,95.88,95.72,95.56,95.4,95.44,95.48,95.52,95.56,95.6,95.56,95.52,95.48,95.44,95.4,95.2,95.0,94.8,94.6,94.4,93.8,93.2,92.6,92.0,91.4
Malawi,Malawi,99.9,99.9,99.9,99.9,99.9,99.9,99.92,99.94,99.96,99.98,100.0,99.94,99.88,99.82,99.76,99.7,99.66,99.62,99.58,99.54,99.5,99.4,99.3,99.2,99.1,99.0,98.88,98.76,98.64,98.52,98.4,98.2,98.0,97.8,97.6,97.4,97.06,96.72,96.38,96.04,95.7,95.12,94.54,93.96,93.38,92.8,92.08,91.36,90.64,89.92,89.2,88.22,87.24,86.26,85.28,84.3
Malaysia,Malaysia,98.7,98.24,97.78,97.32,96.86,96.4,95.48,94.56,93.64,92.72,91.8,90.18,88.56,86.94,85.32,83.7,81.64,79.58,77.52,75.46,73.4,70.9,68.4,65.9,63.4,60.9,58.76,56.62,54.48,52.34,50.2,48.3,46.4,44.5,42.6,40.7,38.62,36.54,34.46,32.38,30.3,29.42,28.54,27.66,26.78,25.9,25.02,24.14,23.26,22.38,21.5,20.62,19.74,18.86,17.98,17.1
Maldives,Maldives,99.9,99.94,99.98,100.02,100.06,100.1,100.06,100.02,99.98,99.94,99.9,99.9,99.9,99.9,99.9,99.9,99.92,99.94,99.96,99.98,100.0,99.96,99.92,99.88,99.84,99.8,99.7,99.6,99.5,99.4,99.3,98.92,98.54,98.16,97.78,97.4,97.12,96.84,96.56,96.28,96.0,95.08,94.16,93.24,92.32,91.4,90.4,89.4,88.4,87.4,86.4,85.4,84.4,83.4,82.4,81.4
Mali,Mali,100.0,100.0,100.0,100.0,100.0,100.0,99.98,99.96,99.94,99.92,99.9,99.9,99.9,99.9,99.9,99.9,99.9,99.9,99.9,99.9,99.9,99.84,99.78,99.72,99.66,99.6,99.56,99.52,99.48,99.44,99.4,99.34,99.28,99.22,99.16,99.1,99.0,98.9,98.8,98.7,98.6,98.4,98.2,98.0,97.8,97.6,97.06,96.52,95.98,95.44,94.9,94.56,94.22,93.88,93.54,93.2
Malta,Malta,93.7,93.34,92.98,92.62,92.26,91.9,91.42,90.94,90.46,89.98,89.5,88.58,87.66,86.74,85.82,84.9,83.3,81.7,80.1,78.5,76.9,75.2,73.5,71.8,70.1,68.4,66.7,65.0,63.3,61.6,59.9,58.22,56.54,54.86,53.18,51.5,49.86,48.22,46.58,44.94,43.3,41.32,39.34,37.36,35.38,33.4,32.2,31.0,29.8,28.6,27.4,26.64,25.88,25.12,24.36,23.6
Martinique,Martinique,96.0,95.14,94.28,93.42,92.56,91.7,90.42,89.14,87.86,86.58,85.3,83.66,82.02,80.38,78.74,77.1,75.32,73.54,71.76,69.98,68.2,66.3,64.4,62.5,60.6,58.7,56.72,54.74,52.76,50.78,48.8,46.98,45.16,43.34,41.52,39.7,38.18,36.66,35.14,33.62,32.1,30.88,29.66,28.44,27.22,26.0,25.14,24.28,23.42,22.56,21.7,20.62,19.54,18.46,17.38,16.3
Mauritania,Mauritania,0.0,0.0,0.0,0.0,0.0,0.0,0.0,0.0,0.0,0.0,0.0,0.0,0.0,0.0,0.0,0.0,0.0,0.0,0.0,0.0,0.0,0.0,0.0,0.0,0.0,0.0,0.0,0.0,0.0,0.0,0.0,0.0,0.0,0.0,0.0,0.0,0.0,0.0,0.0,0.0,0.0,0.0,0.0,0.0,0.0,0.0,0.0,0.0,0.0,0.0,0.0,17.34,34.68,52.02,69.36,86.7
Mauritius,Mauritius,98.6,98.46,98.32,98.18,98.04,97.9,97.64,97.38,97.12,96.86,96.6,96.18,95.76,95.34,94.92,94.5,93.54,92.58,91.62,90.66,89.7,88.32,86.94,85.56,84.18,82.8,81.2,79.6,78.0,76.4,74.8,73.26,71.72,70.18,68.64,67.1,65.86,64.62,63.38,62.14,60.9,59.24,57.58,55.92,54.26,52.6,50.4,48.2,46.0,43.8,41.6,40.86,40.12,39.38,38.64,37.9
Mayotte,Mayotte,0.0,0.0,0.0,0.0,0.0,0.0,0.0,0.0,0.0,0.0,0.0,0.0,0.0,0.0,0.0,0.0,0.0,0.0,0.0,0.0,0.0,0.0,0.0,0.0,0.0,0.0,0.0,0.0,0.0,0.0,0.0,0.0,0.0,0.0,0.0,0.0,0.0,0.0,0.0,0.0,0.0,0.0,0.0,0.0,0.0,0.0,0.0,0.0,0.0,0.0,0.0,5.62,11.24,16.86,22.48,28.1
Mexico,Mexico,99.0,98.82,98.64,98.46,98.28,98.1,97.82,97.54,97.26,96.98,96.7,96.24,95.78,95.32,94.86,94.4,93.72,93.04,92.36,91.68,91.0,90.08,89.16,88.24,87.32,86.4,85.22,84.04,82.86,81.68,80.5,79.14,77.78,76.42,75.06,73.7,72.4,71.1,69.8,68.5,67.2,65.62,64.04,62.46,60.88,59.3,58.7,58.1,57.5,56.9,56.3,55.44,54.58,53.72,52.86,52.0
"Micronesia, Fed. Sts.",Micronesia (Federated States of),99.6,99.2,98.8,98.4,98.0,97.6,96.7,95.8,94.9,94.0,93.1,91.88,90.66,89.44,88.22,87.0,85.56,84.12,82.68,81.24,79.8,78.42,77.04,75.66,74.28,72.9,71.18,69.46,67.74,66.02,64.3,63.36,62.42,61.48,60.54,59.6,59.22,58.84,58.46,58.08,57.7,57.34,56.98,56.62,56.26,55.9,55.68,55.46,55.24,55.02,54.8,52.54,50.28,48.02,45.76,43.5
Mongolia,Mongolia,83.0,80.86,78.72,76.58,74.44,72.3,70.04,67.78,65.52,63.26,61.0,59.18,57.36,55.54,53.72,51.9,49.92,47.94,45.96,43.98,42.0,40.38,38.76,37.14,35.52,33.9,33.08,32.26,31.44,30.62,29.8,29.38,28.96,28.54,28.12,27.7,27.46,27.22,26.98,26.74,26.5,25.48,24.46,23.44,22.42,21.4,20.46,19.52,18.58,17.64,16.7,15.88,15.06,14.24,13.42,12.6
Montenegro,Montenegro,79.1,76.94,74.78,72.62,70.46,68.3,65.84,63.38,60.92,58.46,56.0,54.66,53.32,51.98,50.64,49.3,48.28,47.26,46.24,45.22,44.2,43.16,42.12,41.08,40.04,39.0,38.08,37.16,36.24,35.32,34.4,33.5,32.6,31.7,30.8,29.9,29.26,28.62,27.98,27.34,26.7,26.38,26.06,25.74,25.42,25.1,25.4,25.7,26.0,26.3,26.6,24.98,23.36,21.74,20.12,18.5
Morocco,Morocco,100.0,99.98,99.96,99.94,99.92,99.9,99.88,99.86,99.84,99.82,99.8,99.78,99.76,99.74,99.72,99.7,99.6,99.5,99.4,99.3,99.2,99.04,98.88,98.72,98.56,98.4,98.14,97.88,97.62,97.36,97.1,96.58,96.06,95.54,95.02,94.5,93.66,92.82,91.98,91.14,90.3,89.18,88.06,86.94,85.82,84.7,82.58,80.46,78.34,76.22,74.1,71.96,69.82,67.68,65.54,63.4
Mozambique,Mozambique,100.0,100.0,100.0,100.0,100.0,100.0,100.0,100.0,100.0,100.0,100.0,100.0,100.0,100.0,100.0,100.0,99.98,99.96,99.94,99.92,99.9,99.88,99.86,99.84,99.82,99.8,99.74,99.68,99.62,99.56,99.5,99.36,99.22,99.08,98.94,98.8,98.64,98.48,98.32,98.16,98.0,97.74,97.48,97.22,96.96,96.7,96.06,95.42,94.78,94.14,93.5,92.86,92.22,91.58,90.94,90.3
Myanmar,Myanmar,99.9,99.82,99.74,99.66,99.58,99.5,99.42,99.34,99.26,99.18,99.1,98.94,98.78,98.62,98.46,98.3,98.02,97.74,97.46,97.18,96.9,96.54,96.18,95.82,95.46,95.1,94.52,93.94,93.36,92.78,92.2,91.5,90.8,90.1,89.4,88.7,88.08,87.46,86.84,86.22,85.6,84.78,83.96,83.14,82.32,81.5,80.46,79.42,78.38,77.34,76.3,74.82,73.34,71.86,70.38,68.9
Namibia,Namibia,99.7,99.7,99.7,99.7,99.7,99.7,99.58,99.46,99.34,99.22,99.1,98.96,98.82,98.68,98.54,98.4,98.12,97.84,97.56,97.28,97.0,96.46,95.92,95.38,94.84,94.3,93.42,92.54,91.66,90.78,89.9,88.68,87.46,86.24,85.02,83.8,82.48,81.16,79.84,78.52,77.2,76.1,75.0,73.9,72.8,71.7,70.92,70.14,69.36,68.58,67.8,67.44,67.08,66.72,66.36,66.0
Nepal,Nepal,100.0,100.0,100.0,100.0,100.0,100.0,100.0,100.0,100.0,100.0,100.0,100.0,100.0,100.0,100.0,100.0,99.94,99.88,99.82,99.76,99.7,99.6,99.5,99.4,99.3,99.2,98.86,98.52,98.18,97.84,97.5,96.8,96.1,95.4,94.7,94.0,92.66,91.32,89.98,88.64,87.3,85.16,83.02,80.88,78.74,76.6,74.12,71.64,69.16,66.68,64.2,62.92,61.64,60.36,59.08,57.8
Netherlands,Netherlands,74.1,72.92,71.74,70.56,69.38,68.2,66.74,65.28,63.82,62.36,60.9,59.56,58.22,56.88,55.54,54.2,52.98,51.76,50.54,49.32,48.1,47.2,46.3,45.4,44.5,43.6,42.6,41.6,40.6,39.6,38.6,37.62,36.64,35.66,34.68,33.7,32.82,31.94,31.06,30.18,29.3,28.42,27.54,26.66,25.78,24.9,24.04,23.18,22.32,21.46,20.6,20.28,19.96,19.64,19.32,19.0
New Caledonia,New Caledonia,91.3,90.46,89.62,88.78,87.94,87.1,86.12,85.14,84.16,83.18,82.2,80.9,79.6,78.3,77.0,75.7,74.02,72.34,70.66,68.98,67.3,65.08,62.86,60.64,58.42,56.2,53.7,51.2,48.7,46.2,43.7,41.8,39.9,38.0,36.1,34.2,32.48,30.76,29.04,27.32,25.6,24.02,22.44,20.86,19.28,17.7,17.0,16.3,15.6,14.9,14.2,13.74,13.28,12.82,12.36,11.9
New Zealand,New Zealand,72.0,70.06,68.12,66.18,64.24,62.3,60.32,58.34,56.36,54.38,52.4,50.62,48.84,47.06,45.28,43.5,41.98,40.46,38.94,37.42,35.9,34.6,33.3,32.0,30.7,29.4,28.48,27.56,26.64,25.72,24.8,24.02,23.24,22.46,21.68,20.9,20.24,19.58,18.92,18.26,17.6,17.1,16.6,16.1,15.6,15.1,14.7,14.3,13.9,13.5,13.1,12.56,12.02,11.48,10.94,10.4
Nicaragua,Nicaragua,99.7,99.64,99.58,99.52,99.46,99.4,99.2,99.0,98.8,98.6,98.4,98.08,97.76,97.44,97.12,96.8,96.24,95.68,95.12,94.56,94.0,93.16,92.32,91.48,90.64,89.8,88.84,87.88,86.92,85.96,85.0,84.04,83.08,82.12,81.16,80.2,79.08,77.96,76.84,75.72,74.6,73.54,72.48,71.42,70.36,69.3,68.26,67.22,66.18,65.14,64.1,63.1,62.1,61.1,60.1,59.1
Niger,Niger,100.1,100.08,100.06,100.04,100.02,100.0,100.02,100.04,100.06,100.08,100.1,100.08,100.06,100.04,100.02,100.0,100.02,100.04,100.06,100.08,100.1,100.08,100.06,100.04,100.02,100.0,99.96,99.92,99.88,99.84,99.8,99.8,99.8,99.8,99.8,99.8,99.74,99.68,99.62,99.56,99.5,99.54,99.58,99.62,99.66,99.7,99.64,99.58,99.52,99.46,99.4,99.18,98.96,98.74,98.52,98.3
Nigeria,Nigeria,99.9,99.9,99.9,99.9,99.9,99.9,99.9,99.9,99.9,99.9,99.9,99.84,99.78,99.72,99.66,99.6,99.46,99.32,99.18,99.04,98.9,98.6,98.3,98.0,97.7,97.4,96.84,96.28,95.72,95.16,94.6,93.76,92.92,92.08,91.24,90.4,89.32,88.24,87.16,86.08,85.0,83.82,82.64,81.46,80.28,79.1,77.76,76.42,75.08,73.74,72.4,70.74,69.08,67.42,65.76,64.1
Norway,Norway,54.3,53.84,53.38,52.92,52.46,52.0,51.48,50.96,50.44,49.92,49.4,48.84,48.28,47.72,47.16,46.6,45.94,45.28,44.62,43.96,43.3,42.24,41.18,40.12,39.06,38.0,37.0,36.0,35.0,34.0,33.0,32.78,32.56,32.34,32.12,31.9,32.04,32.18,32.32,32.46,32.6,32.46,32.32,32.18,32.04,31.9,31.34,30.78,30.22,29.66,29.1,28.46,27.82,27.18,26.54,25.9
Occupied Palestinian Territory,Occupied Palestinian Territory,99.4,99.02,98.64,98.26,97.88,97.5,96.66,95.82,94.98,94.14,93.3,91.98,90.66,89.34,88.02,86.7,85.1,83.5,81.9,80.3,78.7,77.3,75.9,74.5,73.1,71.7,70.8,69.9,69.0,68.1,67.2,66.22,65.24,64.26,63.28,62.3,61.16,60.02,58.88,57.74,56.6,56.02,55.44,54.86,54.28,53.7,52.32,50.94,49.56,48.18,46.8,45.4,44.0,42.6,41.2,39.8
Oman,Oman,100.0,99.98,99.96,99.94,99.92,99.9,99.86,99.82,99.78,99.74,99.7,99.64,99.58,99.52,99.46,99.4,99.12,98.84,98.56,98.28,98.0,97.26,96.52,95.78,95.04,94.3,92.64,90.98,89.32,87.66,86.0,83.22,80.44,77.66,74.88,72.1,68.94,65.78,62.62,59.46,56.3,53.8,51.3,48.8,46.3,43.8,43.1,42.4,41.7,41.0,40.3,39.6,38.9,38.2,37.5,36.8
Pakistan,Pakistan,99.9,99.88,99.86,99.84,99.82,99.8,99.76,99.72,99.68,99.64,99.6,99.52,99.44,99.36,99.28,99.2,99.08,98.96,98.84,98.72,98.6,98.3,98.0,97.7,97.4,97.1,96.66,96.22,95.78,95.34,94.9,94.16,93.42,92.68,91.94,91.2,89.8,88.4,87.0,85.6,84.2,83.08,81.96,80.84,79.72,78.6,77.44,76.28,75.12,73.96,72.8,71.68,70.56,69.44,68.32,67.2
Panama,Panama,92.0,91.22,90.44,89.66,88.88,88.1,87.3,86.5,85.7,84.9,84.1,83.08,82.06,81.04,80.02,79.0,77.72,76.44,75.16,73.88,72.6,71.28,69.96,68.64,67.32,66.0,64.8,63.6,62.4,61.2,60.0,58.86,57.72,56.58,55.44,54.3,53.38,52.46,51.54,50.62,49.7,48.78,47.86,46.94,46.02,45.1,44.18,43.26,42.34,41.42,40.5,39.32,38.14,36.96,35.78,34.6
Papua New Guinea,Papua New Guinea,0.0,0.0,0.0,0.0,0.0,0.0,0.0,0.0,0.0,0.0,0.0,0.0,0.0,0.0,0.0,0.0,0.0,0.0,0.0,0.0,0.0,0.0,0.0,0.0,0.0,0.0,0.0,0.0,0.0,0.0,0.0,0.0,0.0,0.0,0.0,0.0,0.0,0.0,0.0,0.0,0.0,0.0,0.0,0.0,0.0,0.0,0.0,0.0,0.0,0.0,0.0,14.46,28.92,43.38,57.84,72.3
Paraguay,Paraguay,97.8,97.58,97.36,97.14,96.92,96.7,96.38,96.06,95.74,95.42,95.1,94.66,94.22,93.78,93.34,92.9,92.32,91.74,91.16,90.58,90.0,89.36,88.72,88.08,87.44,86.8,86.06,85.32,84.58,83.84,83.1,82.02,80.94,79.86,78.78,77.7,76.88,76.06,75.24,74.42,73.6,72.26,70.92,69.58,68.24,66.9,65.54,64.18,62.82,61.46,60.1,58.76,57.42,56.08,54.74,53.4
Peru,Peru,93.1,92.44,91.78,91.12,90.46,89.8,88.92,88.04,87.16,86.28,85.4,84.3,83.2,82.1,81.0,79.9,78.62,77.34,76.06,74.78,73.5,72.06,70.62,69.18,67.74,66.3,64.88,63.46,62.04,60.62,59.2,57.88,56.56,55.24,53.92,52.6,51.54,50.48,49.42,48.36,47.3,46.62,45.94,45.26,44.58,43.9,42.38,40.86,39.34,37.82,36.3,34.8,33.3,31.8,30.3,28.8
Philippines,Philippines,90.1,89.22,88.34,87.46,86.58,85.7,84.62,83.54,82.46,81.38,80.3,79.18,78.06,76.94,75.82,74.7,73.34,71.98,70.62,69.26,67.9,66.08,64.26,62.44,60.62,58.8,56.98,55.16,53.34,51.52,49.7,47.94,46.18,44.42,42.66,40.9,39.48,38.06,36.64,35.22,33.8,32.76,31.72,30.68,29.64,28.6,27.54,26.48,25.42,24.36,23.3,22.24,21.18,20.12,19.06,18.0
Poland,Poland,54.7,53.66,52.62,51.58,50.54,49.5,48.28,47.06,45.84,44.62,43.4,42.54,41.68,40.82,39.96,39.1,38.34,37.58,36.82,36.06,35.3,34.68,34.06,33.44,32.82,32.2,31.62,31.04,30.46,29.88,29.3,28.74,28.18,27.62,27.06,26.5,26.16,25.82,25.48,25.14,24.8,24.66,24.52,24.38,24.24,24.1,24.26,24.42,24.58,24.74,24.9,23.28,21.66,20.04,18.42,16.8
Portugal,Portugal,99.0,98.74,98.48,98.22,97.96,97.7,97.18,96.66,96.14,95.62,95.1,94.04,92.98,91.92,90.86,89.8,88.24,86.68,85.12,83.56,82.0,80.4,78.8,77.2,75.6,74.0,72.58,71.16,69.74,68.32,66.9,65.62,64.34,63.06,61.78,60.5,59.36,58.22,57.08,55.94,54.8,53.64,52.48,51.32,50.16,49.0,47.96,46.92,45.88,44.84,43.8,41.68,39.56,37.44,35.32,33.2
Puerto Rico,Puerto Rico,72.9,70.72,68.54,66.36,64.18,62.0,60.0,58.0,56.0,54.0,52.0,50.28,48.56,46.84,45.12,43.4,42.14,40.88,39.62,38.36,37.1,35.88,34.66,33.44,32.22,31.0,29.98,28.96,27.94,26.92,25.9,25.3,24.7,24.1,23.5,22.9,22.24,21.58,20.92,20.26,19.6,18.98,18.36,17.74,17.12,16.5,16.04,15.58,15.12,14.66,14.2,13.44,12.68,11.92,11.16,10.4
Qatar,Qatar,98.0,97.64,97.28,96.92,96.56,96.2,95.6,95.0,94.4,93.8,93.2,92.28,91.36,90.44,89.52,88.6,87.58,86.56,85.54,84.52,83.5,82.32,81.14,79.96,78.78,77.6,76.38,75.16,73.94,72.72,71.5,70.52,69.54,68.56,67.58,66.6,65.3,64.0,62.7,61.4,60.1,58.68,57.26,55.84,54.42,53.0,51.72,50.44,49.16,47.88,46.6,44.68,42.76,40.84,38.92,37.0
South Korea,Republic of Korea,92.6,90.68,88.76,86.84,84.92,83.0,80.4,77.8,75.2,72.6,70.0,67.28,64.56,61.84,59.12,56.4,53.04,49.68,46.32,42.96,39.6,35.86,32.12,28.38,24.64,20.9,18.64,16.38,14.12,11.86,9.6,9.2,8.8,8.4,8.0,7.6,7.36,7.12,6.88,6.64,6.4,6.18,5.96,5.74,5.52,5.3,5.32,5.34,5.36,5.38,5.4,5.02,4.64,4.26,3.88,3.5
Moldova,Republic of Moldova,89.1,86.94,84.78,82.62,80.46,78.3,75.32,72.34,69.36,66.38,63.4,61.96,60.52,59.08,57.64,56.2,55.56,54.92,54.28,53.64,53.0,52.66,52.32,51.98,51.64,51.3,50.84,50.38,49.92,49.46,49.0,48.2,47.4,46.6,45.8,45.0,44.04,43.08,42.12,41.16,40.2,39.06,37.92,36.78,35.64,34.5,33.0,31.5,30.0,28.5,27.0,25.52,24.04,22.56,21.08,19.6
Reunion,Reunion,98.4,98.02,97.64,97.26,96.88,96.5,95.88,95.26,94.64,94.02,93.4,92.42,91.44,90.46,89.48,88.5,87.42,86.34,85.26,84.18,83.1,81.7,80.3,78.9,77.5,76.1,74.36,72.62,70.88,69.14,67.4,65.56,63.72,61.88,60.04,58.2,56.28,54.36,52.44,50.52,48.6,46.92,45.24,43.56,41.88,40.2,38.9,37.6,36.3,35.0,33.7,32.58,31.46,30.34,29.22,28.1
Romania,Romania,80.1,79.12,78.14,77.16,76.18,75.2,73.62,72.04,70.46,68.88,67.3,66.1,64.9,63.7,62.5,61.3,60.44,59.58,58.72,57.86,57.0,56.46,55.92,55.38,54.84,54.3,53.62,52.94,52.26,51.58,50.9,50.0,49.1,48.2,47.3,46.4,45.3,44.2,43.1,42.0,40.9,40.16,39.42,38.68,37.94,37.2,37.2,37.2,37.2,37.2,37.2,35.2,33.2,31.2,29.2,27.2
Russia,Russian Federation,59.2,55.34,51.48,47.62,43.76,39.9,37.28,34.66,32.04,29.42,26.8,25.54,24.28,23.02,21.76,20.5,19.74,18.98,18.22,17.46,16.7,16.2,15.7,15.2,14.7,14.2,13.86,13.52,13.18,12.84,12.5,12.14,11.78,11.42,11.06,10.7,10.3,9.9,9.5,9.1,8.7,8.36,8.02,7.68,7.34,7.0,7.18,7.36,7.54,7.72,7.9,7.48,7.06,6.64,6.22,5.8
Rwanda,Rwanda,99.9,99.92,99.94,99.96,99.98,100.0,99.98,99.96,99.94,99.92,99.9,99.94,99.98,100.02,100.06,100.1,100.06,100.02,99.98,99.94,99.9,99.88,99.86,99.84,99.82,99.8,99.76,99.72,99.68,99.64,99.6,99.52,99.44,99.36,99.28,99.2,99.0,98.8,98.6,98.4,98.2,97.64,97.08,96.52,95.96,95.4,94.58,93.76,92.94,92.12,91.3,90.5,89.7,88.9,88.1,87.3
St. Lucia,Saint Lucia,98.4,98.02,97.64,97.26,96.88,96.5,95.96,95.42,94.88,94.34,93.8,92.86,91.92,90.98,90.04,89.1,87.48,85.86,84.24,82.62,81.0,79.02,77.04,75.06,73.08,71.1,68.98,66.86,64.74,62.62,60.5,58.24,55.98,53.72,51.46,49.2,47.3,45.4,43.5,41.6,39.7,38.12,36.54,34.96,33.38,31.8,30.8,29.8,28.8,27.8,26.8,25.74,24.68,23.62,22.56,21.5
St. Vincent and the Grenadines,Saint Vincent and the Grenadines,97.6,97.22,96.84,96.46,96.08,95.7,95.04,94.38,93.72,93.06,92.4,91.42,90.44,89.46,88.48,87.5,86.24,84.98,83.72,82.46,81.2,79.88,78.56,77.24,75.92,74.6,73.04,71.48,69.92,68.36,66.8,65.72,64.64,63.56,62.48,61.4,60.46,59.52,58.58,57.64,56.7,55.42,54.14,52.86,51.58,50.3,49.0,47.7,46.4,45.1,43.8,42.52,41.24,39.96,38.68,37.4
Samoa,Samoa,97.6,97.28,96.96,96.64,96.32,96.0,95.56,95.12,94.68,94.24,93.8,93.1,92.4,91.7,91.0,90.3,89.16,88.02,86.88,85.74,84.6,83.86,83.12,82.38,81.64,80.9,79.96,79.02,78.08,77.14,76.2,75.9,75.6,75.3,75.0,74.7,75.04,75.38,75.72,76.06,76.4,74.78,73.16,71.54,69.92,68.3,66.66,65.02,63.38,61.74,60.1,58.46,56.82,55.18,53.54,51.9
Sao Tome and Principe,Sao Tome and Principe,99.9,99.94,99.98,100.02,100.06,100.1,100.06,100.02,99.98,99.94,99.9,99.9,99.9,99.9,99.9,99.9,99.86,99.82,99.78,99.74,99.7,99.58,99.46,99.34,99.22,99.1,98.98,98.86,98.74,98.62,98.5,98.4,98.3,98.2,98.1,98.0,97.68,97.36,97.04,96.72,96.4,96.4,96.4,96.4,96.4,96.4,95.6,94.8,94.0,93.2,92.4,91.94,91.48,91.02,90.56,90.1
Saudi Arabia,Saudi Arabia,99.8,99.8,99.8,99.8,99.8,99.8,99.68,99.56,99.44,99.32,99.2,98.94,98.68,98.42,98.16,97.9,97.4,96.9,96.4,95.9,95.4,94.38,93.36,92.34,91.32,90.3,88.42,86.54,84.66,82.78,80.9,77.92,74.94,71.96,68.98,66.0,62.98,59.96,56.94,53.92,50.9,48.64,46.38,44.12,41.86,39.6,38.54,37.48,36.42,35.36,34.3,33.2,32.1,31.0,29.9,28.8
Senegal,Senegal,99.9,99.9,99.9,99.9,99.9,99.9,99.84,99.78,99.72,99.66,99.6,99.52,99.44,99.36,99.28,99.2,99.06,98.92,98.78,98.64,98.5,98.38,98.26,98.14,98.02,97.9,97.78,97.66,97.54,97.42,97.3,97.16,97.02,96.88,96.74,96.6,96.48,96.36,96.24,96.12,96.0,95.36,94.72,94.08,93.44,92.8,92.18,91.56,90.94,90.32,89.7,89.1,88.5,87.9,87.3,86.7
Serbia,Serbia,72.8,70.38,67.96,65.54,63.12,60.7,58.62,56.54,54.46,52.38,50.3,49.26,48.22,47.18,46.14,45.1,44.28,43.46,42.64,41.82,41.0,40.4,39.8,39.2,38.6,38.0,37.42,36.84,36.26,35.68,35.1,34.34,33.58,32.82,32.06,31.3,30.66,30.02,29.38,28.74,28.1,27.64,27.18,26.72,26.26,25.8,25.7,25.6,25.5,25.4,25.3,23.76,22.22,20.68,19.14,17.6
Seychelles,Seychelles,0.0,0.0,0.0,0.0,0.0,0.0,0.0,0.0,0.0,0.0,0.0,0.0,0.0,0.0,0.0,0.0,0.0,0.0,0.0,0.0,0.0,0.0,0.0,0.0,0.0,0.0,0.0,0.0,0.0,0.0,0.0,0.0,0.0,0.0,0.0,0.0,0.0,0.0,0.0,0.0,0.0,0.0,0.0,0.0,0.0,0.0,0.0,0.0,0.0,0.0,0.0,5.62,11.24,16.86,22.48,28.1
Sierra Leone,Sierra Leone,99.9,99.9,99.9,99.9,99.9,99.9,99.88,99.86,99.84,99.82,99.8,99.74,99.68,99.62,99.56,99.5,99.38,99.26,99.14,99.02,98.9,98.72,98.54,98.36,98.18,98.0,97.78,97.56,97.34,97.12,96.9,96.7,96.5,96.3,96.1,95.9,95.68,95.46,95.24,95.02,94.8,94.38,93.96,93.54,93.12,92.7,91.98,91.26,90.54,89.82,89.1,88.4,87.7,87.0,86.3,85.6
Singapore,Singapore,95.0,93.56,92.12,90.68,89.24,87.8,85.34,82.88,80.42,77.96,75.5,72.72,69.94,67.16,64.38,61.6,58.98,56.36,53.74,51.12,48.5,45.98,43.46,40.94,38.42,35.9,33.56,31.22,28.88,26.54,24.2,22.6,21.0,19.4,17.8,16.2,15.12,14.04,12.96,11.88,10.8,10.1,9.4,8.7,8.0,7.3,6.96,6.62,6.28,5.94,5.6,5.28,4.96,4.64,4.32,4.0
Slovak Republic,Slovakia,50.9,49.92,48.94,47.96,46.98,46.0,45.18,44.36,43.54,42.72,41.9,40.92,39.94,38.96,37.98,37.0,35.86,34.72,33.58,32.44,31.3,30.6,29.9,29.2,28.5,27.8,27.38,26.96,26.54,26.12,25.7,25.38,25.06,24.74,24.42,24.1,23.76,23.42,23.08,22.74,22.4,22.14,21.88,21.62,21.36,21.1,21.58,22.06,22.54,23.02,23.5,21.98,20.46,18.94,17.42,15.9
Slovenia,Slovenia,44.7,44.44,44.18,43.92,43.66,43.4,43.54,43.68,43.82,43.96,44.1,43.88,43.66,43.44,43.22,43.0,41.5,40.0,38.5,37.0,35.5,33.62,31.74,29.86,27.98,26.1,25.06,24.02,22.98,21.94,20.9,20.62,20.34,20.06,19.78,19.5,18.86,18.22,17.58,16.94,16.3,15.8,15.3,14.8,14.3,13.8,13.48,13.16,12.84,12.52,12.2,12.0,11.8,11.6,11.4,11.2
Solomon Islands,Solomon Islands,99.4,99.22,99.04,98.86,98.68,98.5,98.22,97.94,97.66,97.38,97.1,97.24,97.38,97.52,97.66,97.8,97.98,98.16,98.34,98.52,98.7,98.48,98.26,98.04,97.82,97.6,97.06,96.52,95.98,95.44,94.9,94.26,93.62,92.98,92.34,91.7,91.02,90.34,89.66,88.98,88.3,86.94,85.58,84.22,82.86,81.5,80.8,80.1,79.4,78.7,78.0,76.86,75.72,74.58,73.44,72.3
Somalia,Somalia,99.9,99.86,99.82,99.78,99.74,99.7,99.66,99.62,99.58,99.54,99.5,99.4,99.3,99.2,99.1,99.0,98.88,98.76,98.64,98.52,98.4,98.12,97.84,97.56,97.28,97.0,96.94,96.88,96.82,96.76,96.7,96.92,97.14,97.36,97.58,97.8,97.82,97.84,97.86,97.88,97.9,97.76,97.62,97.48,97.34,97.2,96.6,96.0,95.4,94.8,94.2,93.62,93.04,92.46,91.88,91.3
South Africa,South Africa,95.0,94.7,94.4,94.1,93.8,93.5,93.2,92.9,92.6,92.3,92.0,91.48,90.96,90.44,89.92,89.4,88.62,87.84,87.06,86.28,85.5,84.36,83.22,82.08,80.94,79.8,78.5,77.2,75.9,74.6,73.3,72.2,71.1,70.0,68.9,67.8,66.88,65.96,65.04,64.12,63.2,62.24,61.28,60.32,59.36,58.4,57.68,56.96,56.24,55.52,54.8,52.58,50.36,48.14,45.92,43.7
South Sudan,South Sudan,99.9,99.9,99.9,99.9,99.9,99.9,99.88,99.86,99.84,99.82,99.8,99.8,99.8,99.8,99.8,99.8,99.8,99.8,99.8,99.8,99.8,99.74,99.68,99.62,99.56,99.5,99.46,99.42,99.38,99.34,99.3,99.18,99.06,98.94,98.82,98.7,98.5,98.3,98.1,97.9,97.7,97.18,96.66,96.14,95.62,95.1,94.02,92.94,91.86,90.78,89.7,88.48,87.26,86.04,84.82,83.6
Spain,Spain,90.2,89.18,88.16,87.14,86.12,85.1,83.82,82.54,81.26,79.98,78.7,77.48,76.26,75.04,73.82,72.6,71.58,70.56,69.54,68.52,67.5,66.56,65.62,64.68,63.74,62.8,61.72,60.64,59.56,58.48,57.4,56.3,55.2,54.1,53.0,51.9,50.96,50.02,49.08,48.14,47.2,46.3,45.4,44.5,43.6,42.7,41.8,40.9,40.0,39.1,38.2,36.18,34.16,32.14,30.12,28.1
Sri Lanka,Sri Lanka,94.6,93.92,93.24,92.56,91.88,91.2,90.22,89.24,88.26,87.28,86.3,85.1,83.9,82.7,81.5,80.3,79.04,77.78,76.52,75.26,74.0,72.8,71.6,70.4,69.2,68.0,66.68,65.36,64.04,62.72,61.4,60.02,58.64,57.26,55.88,54.5,53.18,51.86,50.54,49.22,47.9,46.78,45.66,44.54,43.42,42.3,41.12,39.94,38.76,37.58,36.4,35.24,34.08,32.92,31.76,30.6
Sudan,Sudan,99.9,99.92,99.94,99.96,99.98,100.0,99.98,99.96,99.94,99.92,99.9,99.88,99.86,99.84,99.82,99.8,99.74,99.68,99.62,99.56,99.5,99.2,98.9,98.6,98.3,98.0,97.5,97.0,96.5,96.0,95.5,94.74,93.98,93.22,92.46,91.7,90.62,89.54,88.46,87.38,86.3,85.02,83.74,82.46,81.18,79.9,78.88,77.86,76.84,75.82,74.8,72.66,70.52,68.38,66.24,64.1
Suriname,Suriname,97.7,97.54,97.38,97.22,97.06,96.9,96.54,96.18,95.82,95.46,95.1,94.6,94.1,93.6,93.1,92.6,91.62,90.64,89.66,88.68,87.7,86.42,85.14,83.86,82.58,81.3,80.28,79.26,78.24,77.22,76.2,75.72,75.24,74.76,74.28,73.8,72.88,71.96,71.04,70.12,69.2,68.36,67.52,66.68,65.84,65.0,64.08,63.16,62.24,61.32,60.4,59.54,58.68,57.82,56.96,56.1
Eswatini,Swaziland,99.8,99.7,99.6,99.5,99.4,99.3,99.0,98.7,98.4,98.1,97.8,97.38,96.96,96.54,96.12,95.7,95.02,94.34,93.66,92.98,92.3,91.66,91.02,90.38,89.74,89.1,88.56,88.02,87.48,86.94,86.4,85.74,85.08,84.42,83.76,83.1,82.56,82.02,81.48,80.94,80.4,80.52,80.64,80.76,80.88,81.0,78.46,75.92,73.38,70.84,68.3,65.78,63.26,60.74,58.22,55.7
Sweden,Sweden,55.3,53.42,51.54,49.66,47.78,45.9,44.36,42.82,41.28,39.74,38.2,37.38,36.56,35.74,34.92,34.1,33.4,32.7,32.0,31.3,30.6,30.2,29.8,29.4,29.0,28.6,28.34,28.08,27.82,27.56,27.3,26.98,26.66,26.34,26.02,25.7,25.2,24.7,24.2,23.7,23.2,22.64,22.08,21.52,20.96,20.4,19.82,19.24,18.66,18.08,17.5,17.18,16.86,16.54,16.22,15.9
Switzerland,Switzerland,57.4,56.72,56.04,55.36,54.68,54.0,53.18,52.36,51.54,50.72,49.9,48.92,47.94,46.96,45.98,45.0,43.9,42.8,41.7,40.6,39.5,38.52,37.54,36.56,35.58,34.6,33.74,32.88,32.02,31.16,30.3,29.62,28.94,28.26,27.58,26.9,26.24,25.58,24.92,24.26,23.6,22.88,22.16,21.44,20.72,20.0,19.42,18.84,18.26,17.68,17.1,17.06,17.02,16.98,16.94,16.9
Syria,Syrian Arab Republic,99.9,99.9,99.9,99.9,99.9,99.9,99.82,99.74,99.66,99.58,99.5,99.42,99.34,99.26,99.18,99.1,98.82,98.54,98.26,97.98,97.7,97.2,96.7,96.2,95.7,95.2,94.46,93.72,92.98,92.24,91.5,90.66,89.82,88.98,88.14,87.3,86.44,85.58,84.72,83.86,83.0,82.32,81.64,80.96,80.28,79.6,78.0,76.4,74.8,73.2,71.6,70.02,68.44,66.86,65.28,63.7
Taiwan,Taiwan Province of China,96.2,95.06,93.92,92.78,91.64,90.5,88.72,86.94,85.16,83.38,81.6,79.34,77.08,74.82,72.56,70.3,66.78,63.26,59.74,56.22,52.7,49.3,45.9,42.5,39.1,35.7,32.82,29.94,27.06,24.18,21.3,19.86,18.42,16.98,15.54,14.1,13.74,13.38,13.02,12.66,12.3,11.64,10.98,10.32,9.66,9.0,8.1,7.2,6.3,5.4,4.5,4.26,4.02,3.78,3.54,3.3
Tajikistan,Tajikistan,71.2,68.36,65.52,62.68,59.84,57.0,54.34,51.68,49.02,46.36,43.7,42.4,41.1,39.8,38.5,37.2,36.34,35.48,34.62,33.76,32.9,32.06,31.22,30.38,29.54,28.7,27.92,27.14,26.36,25.58,24.8,24.0,23.2,22.4,21.6,20.8,20.14,19.48,18.82,18.16,17.5,16.8,16.1,15.4,14.7,14.0,13.3,12.6,11.9,11.2,10.5,9.82,9.14,8.46,7.78,7.1
Thailand,Thailand,99.0,98.88,98.76,98.64,98.52,98.4,98.24,98.08,97.92,97.76,97.6,97.12,96.64,96.16,95.68,95.2,94.14,93.08,92.02,90.96,89.9,88.46,87.02,85.58,84.14,82.7,81.08,79.46,77.84,76.22,74.6,72.16,69.72,67.28,64.84,62.4,59.6,56.8,54.0,51.2,48.4,46.74,45.08,43.42,41.76,40.1,39.32,38.54,37.76,36.98,36.2,34.82,33.44,32.06,30.68,29.3
North Macedonia,The former Yugoslav Republic of Macedonia,97.7,96.7,95.7,94.7,93.7,92.7,90.7,88.7,86.7,84.7,82.7,80.24,77.78,75.32,72.86,70.4,68.14,65.88,63.62,61.36,59.1,57.48,55.86,54.24,52.62,51.0,49.96,48.92,47.88,46.84,45.8,45.96,46.12,46.28,46.44,46.6,46.32,46.04,45.76,45.48,45.2,43.2,41.2,39.2,37.2,35.2,33.7,32.2,30.7,29.2,27.7,26.74,25.78,24.82,23.86,22.9
Timor-Leste,Timor-Leste,99.9,99.9,99.9,99.9,99.9,99.9,99.9,99.9,99.9,99.9,99.9,99.88,99.86,99.84,99.82,99.8,99.76,99.72,99.68,99.64,99.6,99.4,99.2,99.0,98.8,98.6,97.86,97.12,96.38,95.64,94.9,93.52,92.14,90.76,89.38,88.0,86.2,84.4,82.6,80.8,79.0,76.5,74.0,71.5,69.0,66.5,63.82,61.14,58.46,55.78,53.1,51.62,50.14,48.66,47.18,45.7
Togo,Togo,100.0,100.0,100.0,100.0,100.0,100.0,100.0,100.0,100.0,100.0,100.0,99.96,99.92,99.88,99.84,99.8,99.68,99.56,99.44,99.32,99.2,99.06,98.92,98.78,98.64,98.5,98.44,98.38,98.32,98.26,98.2,98.12,98.04,97.96,97.88,97.8,97.64,97.48,97.32,97.16,97.0,96.8,96.6,96.4,96.2,96.0,95.56,95.12,94.68,94.24,93.8,92.66,91.52,90.38,89.24,88.1
Tonga,Tonga,97.6,97.34,97.08,96.82,96.56,96.3,95.9,95.5,95.1,94.7,94.3,93.76,93.22,92.68,92.14,91.6,90.98,90.36,89.74,89.12,88.5,87.54,86.58,85.62,84.66,83.7,82.28,80.86,79.44,78.02,76.6,75.24,73.88,72.52,71.16,69.8,69.1,68.4,67.7,67.0,66.3,66.58,66.86,67.14,67.42,67.7,66.02,64.34,62.66,60.98,59.3,57.6,55.9,54.2,52.5,50.8
Trinidad and Tobago,Trinidad and Tobago,97.2,96.46,95.72,94.98,94.24,93.5,92.3,91.1,89.9,88.7,87.5,86.06,84.62,83.18,81.74,80.3,78.8,77.3,75.8,74.3,72.8,70.96,69.12,67.28,65.44,63.6,61.78,59.96,58.14,56.32,54.5,53.04,51.58,50.12,48.66,47.2,46.02,44.84,43.66,42.48,41.3,40.18,39.06,37.94,36.82,35.7,34.7,33.7,32.7,31.7,30.7,29.44,28.18,26.92,25.66,24.4
Tunisia,Tunisia,99.9,99.88,99.86,99.84,99.82,99.8,99.68,99.56,99.44,99.32,99.2,99.04,98.88,98.72,98.56,98.4,98.14,97.88,97.62,97.36,97.1,96.64,96.18,95.72,95.26,94.8,94.1,93.4,92.7,92.0,91.3,90.42,89.54,88.66,87.78,86.9,85.7,84.5,83.3,82.1,80.9,78.52,76.14,73.76,71.38,69.0,65.82,62.64,59.46,56.28,53.1,51.42,49.74,48.06,46.38,44.7
Turkey,Turkey,98.9,98.76,98.62,98.48,98.34,98.2,98.0,97.8,97.6,97.4,97.2,96.74,96.28,95.82,95.36,94.9,94.06,93.22,92.38,91.54,90.7,89.5,88.3,87.1,85.9,84.7,82.98,81.26,79.54,77.82,76.1,74.64,73.18,71.72,70.26,68.8,67.74,66.68,65.62,64.56,63.5,62.74,61.98,61.22,60.46,59.7,57.82,55.94,54.06,52.18,50.3,48.46,46.62,44.78,42.94,41.1
Turkmenistan,Turkmenistan,55.6,53.24,50.88,48.52,46.16,43.8,41.0,38.2,35.4,32.6,29.8,28.62,27.44,26.26,25.08,23.9,22.74,21.58,20.42,19.26,18.1,17.14,16.18,15.22,14.26,13.3,12.66,12.02,11.38,10.74,10.1,9.56,9.02,8.48,7.94,7.4,7.16,6.92,6.68,6.44,6.2,5.94,5.68,5.42,5.16,4.9,4.68,4.46,4.24,4.02,3.8,3.56,3.32,3.08,2.84,2.6
Uganda,Uganda,99.9,99.9,99.9,99.9,99.9,99.9,99.88,99.86,99.84,99.82,99.8,99.76,99.72,99.68,99.64,99.6,99.54,99.48,99.42,99.36,99.3,99.24,99.18,99.12,99.06,99.0,98.92,98.84,98.76,98.68,98.6,98.44,98.28,98.12,97.96,97.8,97.7,97.6,97.5,97.4,97.3,96.68,96.06,95.44,94.82,94.2,93.56,92.92,92.28,91.64,91.0,90.4,89.8,89.2,88.6,88.0
Ukraine,Ukraine,51.5,48.9,46.3,43.7,41.1,38.5,37.18,35.86,34.54,33.22,31.9,31.58,31.26,30.94,30.62,30.3,29.96,29.62,29.28,28.94,28.6,28.26,27.92,27.58,27.24,26.9,26.5,26.1,25.7,25.3,24.9,24.44,23.98,23.52,23.06,22.6,22.14,21.68,21.22,20.76,20.3,19.48,18.66,17.84,17.02,16.2,15.42,14.64,13.86,13.08,12.3,11.52,10.74,9.96,9.18,8.4
United Arab Emirates,United Arab Emirates,97.9,97.04,96.18,95.32,94.46,93.6,92.1,90.6,89.1,87.6,86.1,84.32,82.54,80.76,78.98,77.2,75.3,73.4,71.5,69.6,67.7,65.48,63.26,61.04,58.82,56.6,54.88,53.16,51.44,49.72,48.0,46.96,45.92,44.88,43.84,42.8,42.08,41.36,40.64,39.92,39.2,37.74,36.28,34.82,33.36,31.9,30.72,29.54,28.36,27.18,26.0,24.82,23.64,22.46,21.28,20.1
United Kingdom,United Kingdom of Great Britain and Northern Ireland,65.0,63.68,62.36,61.04,59.72,58.4,57.82,57.24,56.66,56.08,55.5,54.88,54.26,53.64,53.02,52.4,51.58,50.76,49.94,49.12,48.3,47.12,45.94,44.76,43.58,42.4,41.1,39.8,38.5,37.2,35.9,34.86,33.82,32.78,31.74,30.7,30.16,29.62,29.08,28.54,28.0,27.56,27.12,26.68,26.24,25.8,25.02,24.24,23.46,22.68,21.9,20.94,19.98,19.02,18.06,17.1
Tanzania,United Republic of Tanzania,100.0,100.0,100.0,100.0,100.0,100.0,99.98,99.96,99.94,99.92,99.9,99.88,99.86,99.84,99.82,99.8,99.74,99.68,99.62,99.56,99.5,99.44,99.38,99.32,99.26,99.2,99.14,99.08,99.02,98.96,98.9,98.84,98.78,98.72,98.66,98.6,98.52,98.44,98.36,98.28,98.2,98.0,97.8,97.6,97.4,97.2,96.96,96.72,96.48,96.24,96.0,95.24,94.48,93.72,92.96,92.2
United States,United States of America,34.2,33.16,32.12,31.08,30.04,29.0,28.12,27.24,26.36,25.48,24.6,23.96,23.32,22.68,22.04,21.4,20.86,20.32,19.78,19.24,18.7,18.26,17.82,17.38,16.94,16.5,16.12,15.74,15.36,14.98,14.6,14.34,14.08,13.82,13.56,13.3,13.12,12.94,12.76,12.58,12.4,12.24,12.08,11.92,11.76,11.6,11.56,11.52,11.48,11.44,11.4,10.98,10.56,10.14,9.72,9.3
Virgin Islands (U.S.),United States Virgin Islands,0.0,0.0,0.0,0.0,0.0,0.0,0.0,0.0,0.0,0.0,0.0,0.0,0.0,0.0,0.0,0.0,0.0,0.0,0.0,0.0,0.0,0.0,0.0,0.0,0.0,0.0,0.0,0.0,0.0,0.0,0.0,0.0,0.0,0.0,0.0,0.0,0.0,0.0,0.0,0.0,0.0,0.0,0.0,0.0,0.0,0.0,0.0,0.0,0.0,0.0,0.0,4.3,8.6,12.9,17.2,21.5
Uruguay,Uruguay,95.1,94.48,93.86,93.24,92.62,92.0,91.18,90.36,89.54,88.72,87.9,87.08,86.26,85.44,84.62,83.8,83.14,82.48,81.82,81.16,80.5,79.86,79.22,78.58,77.94,77.3,76.54,75.78,75.02,74.26,73.5,72.88,72.26,71.64,71.02,70.4,70.06,69.72,69.38,69.04,68.7,68.34,67.98,67.62,67.26,66.9,66.72,66.54,66.36,66.18,66.0,64.2,62.4,60.6,58.8,57.0
Uzbekistan,Uzbekistan,0.0,0.0,0.0,0.0,0.0,0.0,0.0,0.0,0.0,0.0,0.0,0.0,0.0,0.0,0.0,0.0,0.0,0.0,0.0,0.0,0.0,0.0,0.0,0.0,0.0,0.0,0.0,0.0,0.0,0.0,0.0,0.0,0.0,0.0,0.0,0.0,0.0,0.0,0.0,0.0,0.0,0.0,0.0,0.0,0.0,0.0,0.0,0.0,0.0,0.0,0.0,1.74,3.48,5.22,6.96,8.7
Vanuatu,Vanuatu,99.7,99.64,99.58,99.52,99.46,99.4,99.28,99.16,99.04,98.92,98.8,98.58,98.36,98.14,97.92,97.7,97.36,97.02,96.68,96.34,96.0,95.62,95.24,94.86,94.48,94.1,93.72,93.34,92.96,92.58,92.2,91.7,91.2,90.7,90.2,89.7,89.08,88.46,87.84,87.22,86.6,85.84,85.08,84.32,83.56,82.8,82.4,82.0,81.6,81.2,80.8,79.5,78.2,76.9,75.6,74.3
Venezuela,Venezuela (Bolivarian Republic of),93.3,92.36,91.42,90.48,89.54,88.6,87.42,86.24,85.06,83.88,82.7,81.38,80.06,78.74,77.42,76.1,74.72,73.34,71.96,70.58,69.2,67.78,66.36,64.94,63.52,62.1,60.84,59.58,58.32,57.06,55.8,54.72,53.64,52.56,51.48,50.4,49.48,48.56,47.64,46.72,45.8,44.94,44.08,43.22,42.36,41.5,40.74,39.98,39.22,38.46,37.7,36.48,35.26,34.04,32.82,31.6
Vietnam,Viet Nam,99.8,99.7,99.6,99.5,99.4,99.3,99.06,98.82,98.58,98.34,98.1,97.68,97.26,96.84,96.42,96.0,95.34,94.68,94.02,93.36,92.7,91.84,90.98,90.12,89.26,88.4,87.74,87.08,86.42,85.76,85.1,84.68,84.26,83.84,83.42,83.0,82.76,82.52,82.28,82.04,81.8,80.48,79.16,77.84,76.52,75.2,73.88,72.56,71.24,69.92,68.6,67.3,66.0,64.7,63.4,62.1
Western Sahara,Western Sahara,0.0,0.0,0.0,0.0,0.0,0.0,0.0,0.0,0.0,0.0,0.0,0.0,0.0,0.0,0.0,0.0,0.0,0.0,0.0,0.0,0.0,0.0,0.0,0.0,0.0,0.0,0.0,0.0,0.0,0.0,0.0,0.0,0.0,0.0,0.0,0.0,0.0,0.0,0.0,0.0,0.0,0.0,0.0,0.0,0.0,0.0,0.0,0.0,0.0,0.0,0.0,17.34,34.68,52.02,69.36,86.7
World,World,85.8,85.36,84.92,84.48,84.04,83.6,82.86,82.12,81.38,80.64,79.9,79.58,79.26,78.94,78.62,78.3,77.68,77.06,76.44,75.82,75.2,74.92,74.64,74.36,74.08,73.8,73.5,73.2,72.9,72.6,72.3,71.54,70.78,70.02,69.26,68.5,67.6,66.7,65.8,64.9,64.0,62.96,61.92,60.88,59.84,58.8,57.7,56.6,55.5,54.4,53.3,52.26,51.22,50.18,49.14,48.1
Yemen,Yemen,100.0,100.0,100.0,100.0,100.0,100.0,100.0,100.0,100.0,100.0,100.0,100.0,100.0,100.0,100.0,100.0,100.0,100.0,100.0,100.0,100.0,100.0,100.0,100.0,100.0,100.0,100.0,100.0,100.0,100.0,100.0,100.0,100.0,100.0,100.0,100.0,99.98,99.96,99.94,99.92,99.9,99.8,99.7,99.6,99.5,99.4,99.06,98.72,98.38,98.04,97.7,95.5,93.3,91.1,88.9,86.7
Zambia,Zambia,99.4,99.18,98.96,98.74,98.52,98.3,97.96,97.62,97.28,96.94,96.6,96.06,95.52,94.98,94.44,93.9,93.42,92.94,92.46,91.98,91.5,91.14,90.78,90.42,90.06,89.7,89.42,89.14,88.86,88.58,88.3,88.0,87.7,87.4,87.1,86.8,86.52,86.24,85.96,85.68,85.4,85.04,84.68,84.32,83.96,83.6,82.94,82.28,81.62,80.96,80.3,79.06,77.82,76.58,75.34,74.1
Zimbabwe,Zimbabwe,93.4,93.02,92.64,92.26,91.88,91.5,91.2,90.9,90.6,90.3,90.0,89.8,89.6,89.4,89.2,89.0,88.5,88.0,87.5,87.0,86.5,85.68,84.86,84.04,83.22,82.4,81.64,80.88,80.12,79.36,78.6,77.7,76.8,75.9,75.0,74.1,72.86,71.62,70.38,69.14,67.9,67.14,66.38,65.62,64.86,64.1,64.06,64.02,63.98,63.94,63.9,60.78,57.66,54.54,51.42,48.3